INSERT INTO User_Skill_Group(group_name,is_root, group_icon) VALUES 
('Java-Basics I',0,'ra-tower'),
('Build and Debugging',0,'ra-forging'),
('Style & Structure',0,'ra-diamond'),
('Java Basics II',0,'ra-tower'),
('Network Programming',0, 'ra-x-mark'),
('Threading',0,'ra-fairy-wand'),
('Security',0,'ra-shield'),
('Spring Framework',0,'ra-leaf'),
('File Handling',0,'ra-book'),
('GUI',0,'ra-telescope'),
('Testing',0,'ra-broken-bone'),
('',1,'ra-dead-tree');

INSERT INTO User_Skill_Group_Following (user_skill_group_id,following_user_skill_group_id) VALUES
(1,4),
(4,5),
(4,6),
(5,7),
(4,9),
(5,8),
(2,11),
(4,10),
(12,1),
(12,2),
(12,3);

INSERT INTO USER_SKILL(ID, DESCRIPTION, SKILL_NAME, IS_ROOT, REQUIRED_REPETITIONS, USER_SKILL_GROUP_ID) VALUES
(1, 'Fundamental java basic skills', 'Java-Basics I', TRUE, 3, 1),
(2, 'Easy data types', 'Primitive types', FALSE, 3, 1),
(3, 'Structure your code project', 'Packages', FALSE, 3, 1),
(4, 'Stay informed! Document your code', 'Java Doc', FALSE, 3, 3),
(5, 'Where is the code reachable', 'Scopes', FALSE, 3, 1),
(6, 'More flexible numbers', 'Floating point numbers', FALSE, 3, 1),
(7, '', 'Switch', FALSE, 3, 1),
(8, '+ - * / = || && < >', 'Operators', FALSE, 3, 1),
(9, 'If-statement', 'If', FALSE, 3, 1),
(10, '', 'Loop', FALSE, 3, 1),
(11, '', 'Literals', FALSE, 3, 1),
(12, '', 'Underscores', FALSE, 3, 1),
(13, '', 'Initializer', FALSE, 3, 1),
(14, '', 'Standard Charsets', FALSE, 3, 4),
(15, '', 'Octal Values', FALSE, 3, 1),
(17, '', 'String Literals', FALSE, 3, 1),
(18, '', 'String Builder', FALSE, 3, 1),
(19, '', 'Regular expressions', FALSE, 3, 1),
(20, '', 'IndexOf', FALSE, 3, 1),
(21, '', 'Printf-style format strings', FALSE, 3, 1),
(23, '', 'Iterator', FALSE, 3, 4),
(24, '', 'Labels', FALSE, 3, 1),
(25, '', 'Jump Statements', FALSE, 3, 4),
(26, '', 'Array', FALSE, 3, 1),
(28, '', 'Map', FALSE, 3, 1),
(30, '', 'Constants', FALSE, 3, 1),
(31, '', 'Enums', FALSE, 3, 1),
(32, '', 'EnumSet', FALSE, 3, 1),
(33, '', 'EnumMap', FALSE, 3, 1),
(36, '', 'Collection', FALSE, 3, 1),
(39, '', 'Non-short-circuit Logic', FALSE, 3, 1),
(41, '', 'Ternary operator', FALSE, 3, 1),
(42, '', 'Build and Debugging', TRUE, 3, 2),
(44, '', 'Maven', FALSE, 3, 2),
(46, '', 'Default system encoding', FALSE, 3, 2),
(49, '', 'Style and Structure', TRUE, 3, 3),
(50, '', 'Code Style', FALSE, 3, 3),
(51, '', 'PMD', FALSE, 3, 3),
(53, '', 'Structure', FALSE, 3, 3),
(54, '', 'TODO tags', FALSE, 3, 3),
(55, '', 'FIXME tags', FALSE, 3, 3),
(56, '', 'Naming', FALSE, 3, 3),
(57, '', 'Conventions', FALSE, 3, 3),
(58, '', 'Deprecation', FALSE, 3, 3),
(60, '', 'Readability', FALSE, 3, 3),
(61, '', 'Comments', FALSE, 3, 3),
(63, '', 'Java Basics II', TRUE, 3, 4),
(65, '', 'Methods', FALSE, 3, 4),
(66, '', 'Keywords', FALSE, 3, 4),
(67, '', 'Try/Catch', FALSE, 3, 4),
(68, '', 'Varargs parameters', FALSE, 3, 4),
(70, '', 'Method overwriting', FALSE, 3, 4),
(71, '', 'hashCode', FALSE, 3, 4),
(73, '', 'Simple Annotations', FALSE, 3, 1),
(74, '', 'Assertion', FALSE, 3, 11),
(75, '', 'Throwable', FALSE, 3, 4),
(76, '', 'Try-with-resources', FALSE, 3, 4),
(77, '', 'Complex Annotations', FALSE, 3, 4),
(78, '', 'Inheritence', FALSE, 3, 4),
(79, '', 'Static', FALSE, 3, 4),
(80, '', 'Imports', FALSE, 3, 4),
(81, '', 'Interfaces', FALSE, 3, 4),
(83, '', 'Constructor', FALSE, 3, 4),
(84, '', 'Abstract', FALSE, 3, 4),
(85, '', 'Generics', FALSE, 3, 4),
(86, '', 'Functional interfaces', FALSE, 3, 4),
(87, '', 'Dynamic Class Loading', FALSE, 3, 4),
(88, '', 'Dates', FALSE, 3, 4),
(89, '', 'Math', FALSE, 3, 4),
(90, '', 'Objects', FALSE, 3, 4),
(91, '', 'Logger', FALSE, 3, 4),
(92, '', 'Wrapper', FALSE, 3, 4),
(94, '', 'Wildcard', FALSE, 3, 4),
(95, '', 'Optional', FALSE, 3, 4),
(96, '', 'Locale', FALSE, 3, 4),
(98, '', 'Random', FALSE, 3, 4),
(99, '', 'Error', FALSE, 3, 4),
(100, '', 'Garbage Colleciton', FALSE, 3, 4),
(101, '', 'Casting', FALSE, 3, 4),
(102, '', 'Diamond operator', FALSE, 3, 4),
(103, '', 'InstanceOf', FALSE, 3, 4),
(104, '', 'Equals', FALSE, 3, 4),
(105, '', 'Cloneables/Clone', FALSE, 3, 4),
(106, '', 'Comparator', FALSE, 3, 4),
(107, '', 'Reflection API', FALSE, 3, 4),
(108, '', 'Boxing and unboxing', FALSE, 3, 4),
(109, '', 'LocalDate / LocalTime', FALSE, 3, 4),
(110, '', 'SecureRandom', FALSE, 3, 4),
(111, '', 'Lambda', FALSE, 3, 4),
(112, '', 'Inner classes', FALSE, 3, 4),
(113, '', 'compareTo', FALSE, 3, 4),
(114, '', 'Finalize', FALSE, 3, 4),
(115, '', 'Parsing', FALSE, 3, 4),
(116, '', 'Network Programming', TRUE, 3, 5),
(117, '', 'URI/URl', FALSE, 3, 5),
(121, '', 'IP Address', FALSE, 3, 5),
(122, '', 'JDBC', FALSE, 3, 5),
(124, '', 'XML', FALSE, 3, 5),
(125, '', 'JSON', FALSE, 3, 5),
(127, '', 'LDAP', FALSE, 3, 5),
(128, '', 'Beans', FALSE, 3, 5),
(129, '', 'HTTP', FALSE, 3, 5),
(130, '', 'ResultSet', FALSE, 3, 5),
(131, '', 'Sockets', FALSE, 3, 5),
(133, '', 'Hibernate', FALSE, 3, 5),
(135, '', 'Security-constraints', FALSE, 3, 5),
(136, '', 'Filter mapping', FALSE, 3, 5),
(139, '', 'Cookies', FALSE, 3, 5),
(140, '', 'Session', FALSE, 3, 5),
(141, '', 'Servlet', FALSE, 3, 5),
(142, '', 'CORS', FALSE, 3, 5),
(143, '', 'SSL', FALSE, 3, 7),
(146, '', 'EJB', FALSE, 3, 5),
(148, '', 'Transactional', FALSE, 3, 5),
(149, '', 'Threading', TRUE, 3, 6),
(150, '', 'Volatile', FALSE, 3, 6),
(151, '', 'Threads', FALSE, 3, 6),
(152, '', 'Runnables', FALSE, 3, 6),
(153, '', 'Wait', FALSE, 3, 6),
(154, '', 'Lock', FALSE, 3, 6),
(155, '', 'Multithreading', FALSE, 3, 6),
(157, '', 'Notify', FALSE, 3, 6),
(158, '', 'Synchronized', FALSE, 3, 6),
(159, '', 'Security', TRUE, 3, 7),
(160, '', 'Chiper Block Chaining', FALSE, 3, 7),
(161, '', 'Cryptography', FALSE, 3, 7),
(162, '', 'Basic Authentication', FALSE, 3, 7),
(163, '', 'Hashing', FALSE, 3, 7),
(164, '', 'NullCiper', FALSE, 3, 7),
(165, '', 'X509 Trust Manager', FALSE, 3, 7),
(166, '', 'Encryption', FALSE, 3, 7),
(167, '', 'RSA Encryption', FALSE, 3, 7),
(168, '', 'Injection Attacks', FALSE, 3, 7),
(169, '', 'Data Encryption Standard', FALSE, 3, 7),
(170, '', 'AES Encryption', FALSE, 3, 7),
(171, '', 'XSRF', FALSE, 3, 7),
(172, '', 'Spring Framework', TRUE, 3, 8),
(173, '', 'Spring Boot', FALSE, 3, 8),
(174, '', 'Spring Data', FALSE, 3, 8),
(175, '', 'Spring Security', FALSE, 3, 8),
(177, '', 'AutoConfiguration', FALSE, 3, 8),
(178, '', 'Component Scan', FALSE, 3, 8),
(181, '', 'File Handling', TRUE, 3, 9),
(183, '', 'Serialization', FALSE, 3, 9),
(184, '', 'Xpath Expression', FALSE, 3, 9),
(185, '', 'System.in', FALSE, 3, 9),
(186, '', 'Archive Files', FALSE, 3, 9),
(188, '', 'Input', FALSE, 3, 9),
(189, '', 'Output', FALSE, 3, 9),
(191, '', 'Transient', FALSE, 3, 9),
(192, '', 'Externalizable', FALSE, 3, 9),
(193, '', 'GUI/MVC', TRUE, 3, 10),
(194, '', 'ActionForm', FALSE, 3, 10),
(195, '', 'Struts', FALSE, 3, 10),
(197, '', 'ActionSupport', FALSE, 3, 10),
(200, '', 'Testing', TRUE, 3, 11),
(201, '', 'Testing', FALSE, 3, 11),
(202, '', 'JUnit', FALSE, 3, 11),
(203, '', 'File', FALSE, 3, 9),
(204, '', 'System.out.print', FALSE, 3, 4),
(205, '', 'Exception', FALSE, 3, 4),
(206, '', 'Synchronized classes', FALSE, 3, 6),
(207, '', 'ValueOf', FALSE, 3, 1),
(208, '', 'Collection implementations', FALSE, 3, 1),
(209, '', 'SQL injection', FALSE, 3, 7),
(210, '', 'Checked exception', FALSE, 3, 4),
(211, '', 'Credentials', FALSE, 3, 7),
(212, '', 'BigDecimal', FALSE, 3, 1),
(213, '', 'Runtime', FALSE, 3, 4),
(214, '', 'ToString', FALSE, 3, 1),
(215, '', 'Double', FALSE, 3, 1),
(216, '', 'Serializable', FALSE, 3, 5),
(217, '', 'Shifting', FALSE, 3, 4),
(218, '', 'Increment', FALSE, 3, 1),
(219, '', 'ScheduledThreadPoolExecutor', FALSE, 3, 6),
(220, '', 'Bit operations', FALSE, 3, 1),
(221, '', 'PreparedStatement', FALSE, 3, 5),
(222, '', 'Boolean checks', FALSE, 3, 1),
(223, '', 'InterruptedException', FALSE, 3, 4),
(224, '', 'Constructor injection', FALSE, 3, 4),
(225, '', 'NonNull', FALSE, 3, 4),
(226, '', 'ToArray', FALSE, 3, 1),
(227, '', 'Stream API', FALSE, 3, 4),
(228, '', 'Double Brace Initialization', FALSE, 3, 4),
(229, '', 'Calculation', FALSE, 3, 1),
(230, '', 'Cognitive Complexity', FALSE, 3, 3),
(231, '', 'Date formatting', FALSE, 3, 4),
(232, '', 'Getter/Setter', FALSE, 3, 4),
(233, '', 'Unary Operators', FALSE, 3, 1),
(234, '', 'Request', FALSE, 3, 8),
(235, '', 'Configuration', FALSE, 3, 8),
(236, '', 'Substring', FALSE, 3, 1),
(237, '', 'DefaultMessageListenerContainer', FALSE, 3, 8),
(238, '', 'XMLDecoder', FALSE, 3, 9),
(239, '', 'Insecure deserialization', FALSE, 3, 9),
(240, '', 'Database connection', FALSE, 3, 5),
(241, '', 'ThreadGroup', FALSE, 3, 6),
(242, '', 'CLI', FALSE, 3, 9),
(243, '', 'Guava', FALSE, 3, 4),
(244, '', 'Dynamic execution', FALSE, 3, 4),
(245, '', 'XSS', FALSE, 3, 7),
(246, '', 'Denial of service attacks', FALSE, 3, 7),
(247, '', 'toHexString', FALSE, 3, 4),
(248, '', 'Dead stores', FALSE, 3, 4),
(249, '', 'Closeable', FALSE, 3, 9),
(250, '', 'Unicode', FALSE, 3, 3);  

INSERT INTO USER_SKILL_FOLLOWING(ID, USER_SKILL_ID, FOLLOWING_USER_SKILL_ID) VALUES
(1, 1, 2),
(2, 2, 5),
(3, 5, 3),
(4, 2, 11),
(5, 11, 12),
(6, 2, 6),
(7, 5, 13),
(8, 13, 15),
(15, 2, 8),
(18, 10, 24),
(19, 9, 26),
(21, 26, 28),
(23, 13, 30),
(24, 30, 31),
(26, 28, 33),
(29, 26, 36),
(32, 9, 39),
(34, 39, 41),
(35, 9, 7),
(39, 42, 46),
(42, 49, 50),
(43, 49, 51),
(45, 49, 53),
(46, 49, 4),
(47, 50, 54),
(48, 50, 55),
(49, 50, 56),
(50, 50, 57),
(51, 50, 58),
(53, 54, 60),
(54, 54, 61),
(57, 83, 65),
(58, 63, 66),
(59, 65, 67),
(60, 65, 68),
(62, 78, 70),
(63, 65, 71),
(66, 67, 76),
(67, 213, 77),
(68, 65, 78),
(71, 78, 81),
(73, 79, 83),
(74, 81, 84),
(75, 102, 85),
(76, 84, 86),
(78, 83, 88),
(79, 83, 89),
(80, 83, 90),
(81, 113, 92),
(83, 85, 94),
(84, 83, 95),
(85, 83, 96),
(87, 89, 98),
(88, 75, 99),
(89, 90, 100),
(90, 90, 101),
(91, 81, 102),
(92, 108, 104),
(93, 90, 103),
(94, 90, 105),
(95, 94, 106),
(96, 91, 107),
(97, 103, 108),
(98, 88, 109),
(99, 98, 110),
(100, 78, 112),
(101, 112, 111),
(102, 104, 113),
(103, 100, 114),
(104, 92, 115),
(105, 94, 23),
(106, 65, 25),
(110, 116, 121),
(111, 116, 122),
(113, 116, 124),
(114, 129, 125),
(116, 116, 127),
(117, 141, 128),
(118, 117, 129),
(124, 124, 135),
(125, 124, 136),
(128, 129, 139),
(129, 129, 140),
(130, 129, 141),
(131, 129, 142),
(136, 146, 148),
(137, 158, 150),
(138, 154, 151),
(139, 149, 152),
(140, 158, 153),
(141, 149, 154),
(142, 158, 155),
(144, 153, 157),
(145, 151, 158),
(146, 166, 160),
(147, 163, 161),
(148, 159, 162),
(149, 159, 163),
(150, 160, 164),
(151, 143, 165),
(152, 161, 166),
(153, 166, 167),
(154, 166, 168),
(155, 166, 169),
(156, 160, 170),
(157, 168, 171),
(158, 166, 143),
(159, 172, 173),
(160, 172, 175),
(162, 173, 177),
(163, 173, 178),
(167, 181, 184),
(168, 181, 185),
(169, 185, 186),
(174, 183, 191),
(175, 183, 192),
(176, 181, 183),
(177, 195, 194),
(178, 193, 195),
(180, 195, 197),
(182, 200, 201),
(183, 201, 74),
(184, 74, 202),
(185, 188, 203),
(186, 83, 204),
(187, 204, 91),
(188, 205, 75),
(189, 67, 205),
(190, 158, 206),
(192, 36, 208),
(193, 168, 209),
(194, 205, 210),
(195, 162, 211),
(196, 6, 212),
(197, 94, 213),
(199, 6, 215),
(200, 116, 216),
(201, 216, 117),
(202, 101, 217),
(203, 8, 218),
(204, 151, 219),
(205, 8, 220),
(207, 8, 222),
(208, 222, 9),
(209, 205, 223),
(210, 83, 224),
(211, 83, 225),
(212, 208, 226),
(213, 111, 227),
(214, 83, 228),
(215, 8, 229),
(217, 88, 231),
(218, 65, 232),
(219, 8, 233),
(220, 173, 234),
(221, 234, 174),
(222, 177, 235),
(223, 20, 236),
(224, 235, 237),
(225, 188, 238),
(226, 183, 239),
(228, 151, 241),
(229, 205, 14),
(230, 185, 242),
(231, 227, 243),
(232, 213, 244),
(233, 168, 245),
(234, 168, 246),
(235, 92, 247),
(236, 65, 248),
(237, 181, 249),
(238, 8, 17),
(239, 8, 18),
(240, 8, 19),
(241, 8, 20),
(242, 8, 21),
(243, 8, 207),
(244, 8, 214),
(245, 9, 10),
(246, 26, 32),
(247, 42, 44),
(248, 49, 250),
(249, 53, 230),
(250, 63, 79),
(251, 63, 80),
(252, 63, 87),
(255, 122, 130),
(256, 130, 221),
(257, 122, 240),
(258, 116, 131),
(259, 122, 133),
(260, 128, 146),
(263, 183, 188),
(264, 183, 189),
(265,2,73);          

INSERT INTO USER_SKILL_PREVIOUS(ID, USER_SKILL_ID, PREVIOUS_USER_SKILL_ID) VALUES
(1, 2, 1),
(2, 5, 2),
(3, 3, 5),
(4, 11, 2),
(5, 12, 11),
(6, 6, 2),
(7, 13, 5),
(8, 15, 13),
(15, 8, 2),
(18, 24, 10),
(19, 26, 9),
(21, 28, 26),
(23, 30, 13),
(24, 31, 30),
(26, 33, 28),
(29, 36, 26),
(32, 39, 9),
(34, 41, 39),
(35, 7, 9),
(39, 46, 42),
(42, 50, 49),
(43, 51, 49),
(45, 53, 49),
(46, 4, 49),
(47, 54, 50),
(48, 55, 50),
(49, 56, 50),
(50, 57, 50),
(51, 58, 50),
(53, 60, 54),
(54, 61, 54),
(57, 65, 83),
(58, 66, 63),
(59, 67, 65),
(60, 68, 65),
(62, 70, 78),
(63, 71, 65),
(66, 76, 67),
(67, 77, 213),
(68, 78, 65),
(71, 81, 78),
(73, 83, 79),
(74, 84, 81),
(75, 85, 102),
(76, 86, 84),
(78, 88, 83),
(79, 89, 83),
(80, 90, 83),
(81, 92, 113),
(83, 94, 85),
(84, 95, 83),
(85, 96, 83),
(87, 98, 89),
(88, 99, 75),
(89, 100, 90),
(90, 101, 90),
(91, 102, 81),
(92, 104, 108),
(93, 103, 90),
(94, 105, 90),
(95, 106, 94),
(96, 107, 91),
(97, 108, 103),
(98, 109, 88),
(99, 110, 98),
(100, 112, 78),
(101, 111, 112),
(102, 113, 104),
(103, 114, 110),
(104, 115, 92),
(105, 23, 94),
(106, 25, 65),
(110, 121, 116),
(111, 122, 116),
(113, 124, 116),
(114, 125, 129),
(116, 127, 116),
(117, 128, 141),
(118, 129, 117),
(123, 135, 124),
(124, 136, 124),
(127, 139, 129),
(128, 140, 129),
(129, 141, 129),
(130, 142, 129),
(135, 148, 146),
(136, 150, 158),
(137, 151, 154),
(138, 152, 149),
(139, 153, 158),
(140, 154, 149),
(141, 155, 158),
(143, 157, 153),
(144, 158, 151),
(145, 160, 166),
(146, 161, 163),
(147, 162, 159),
(148, 163, 159),
(149, 164, 160),
(150, 165, 143),
(151, 166, 161),
(152, 167, 166),
(153, 168, 166),
(154, 170, 160),
(155, 171, 168),
(156, 143, 166),
(157, 173, 172),
(158, 175, 172),
(160, 177, 173),
(161, 178, 173),
(165, 184, 181),
(166, 185, 181),
(167, 186, 185),
(172, 191, 183),
(173, 192, 183),
(174, 183, 181),
(175, 194, 195),
(176, 195, 193),
(178, 197, 195),
(180, 201, 200),
(181, 74, 201),
(182, 202, 74),
(184, 204, 83),
(185, 91, 204),
(186, 75, 205),
(187, 205, 67),
(188, 206, 158),
(190, 208, 36),
(191, 209, 168),
(192, 210, 205),
(193, 211, 162),
(194, 212, 6),
(195, 213, 94),
(197, 215, 6),
(198, 216, 116),
(199, 117, 216),
(200, 217, 101),
(201, 218, 8),
(202, 219, 151),
(203, 220, 8),
(205, 222, 8),
(206, 9, 222),
(207, 223, 205),
(208, 224, 83),
(209, 225, 83),
(210, 226, 208),
(211, 227, 111),
(212, 228, 83),
(213, 229, 8),
(215, 231, 88),
(216, 232, 65),
(217, 233, 8),
(218, 234, 173),
(219, 174, 234),
(220, 235, 177),
(221, 236, 20),
(222, 237, 235),
(226, 241, 151),
(227, 14, 205),
(228, 242, 185),
(229, 243, 227),
(230, 244, 213),
(231, 245, 168),
(232, 246, 168),
(233, 247, 92),
(234, 248, 65),
(235, 249, 181),
(236, 17, 8),
(237, 18, 8),
(238, 19, 8),
(239, 20, 8),
(240, 21, 8),
(241, 207, 8),
(242, 214, 8),
(243, 10, 9),
(244, 32, 26),
(245, 44, 42),
(246, 250, 49),
(247, 230, 53),
(248, 79, 63),
(249, 80, 63),
(250, 87, 63),
(253, 130, 122),
(254, 221, 130),
(255, 240, 122),
(256, 133, 122),
(257, 146, 128),
(260, 188, 183),
(261, 189, 183),
(262, 131, 116),
(263, 203, 188),
(264, 169, 166),
(265, 238, 188),
(266, 239, 183),
(267,73,2);     

INSERT INTO PUBLIC.SONAR_RULE(ID, RULE_KEY, RULE_NAME, ADDED_AT, USER_SKILL_ID) VALUES
(1, 'squid:UndocumentedApi', 'Public types, methods and fields (API) should be documented with Javadoc', TIMESTAMP '2019-04-25 14:12:05.048', 4),
(2, 'common-java:InsufficientBranchCoverage', 'Branches should have sufficient coverage by tests', TIMESTAMP '2019-04-25 14:12:05.048', 201),
(3, 'common-java:InsufficientLineCoverage', 'Lines should have sufficient coverage by tests', TIMESTAMP '2019-04-25 14:12:05.048', 2011),
(4, 'squid:MethodCyclomaticComplexity', 'Methods should not be too complex', TIMESTAMP '2019-04-25 14:12:05.048', 50),
(5, 'squid:CallToDeprecatedMethod', '"@Deprecated" code should not be used', TIMESTAMP '2019-04-25 14:12:05.048', 58),
(6, 'common-java:InsufficientCommentDensity', 'Source files should have a sufficient density of comment lines', TIMESTAMP '2019-04-25 14:12:05.049', 61),
(7, 'common-java:FailedUnitTests', 'Failed unit tests should be fixed', TIMESTAMP '2019-04-25 14:12:05.049', 202),
(8, 'squid:CallToFileDeleteOnExitMethod', '"deleteOnExit" should not be used', TIMESTAMP '2019-04-25 14:12:05.049', 203),
(9, 'squid:CommentedOutCodeLine', 'Sections of code should not be commented out', TIMESTAMP '2019-04-25 14:12:05.049', 61),
(10, 'common-java:SkippedUnitTests', 'Skipped unit tests should be either removed or fixed', TIMESTAMP '2019-04-25 14:12:05.049', 201),
(11, 'squid:UnusedPrivateMethod', 'Unused "private" methods should be removed', TIMESTAMP '2019-04-25 14:12:05.049', 50),
(12, 'common-java:DuplicatedBlocks', 'Source files should not have any duplicated blocks', TIMESTAMP '2019-04-25 14:12:05.049', 53),
(13, 'squid:NoSonar', 'Track uses of "NOSONAR" comments', TIMESTAMP '2019-04-25 14:12:05.049', 61),
(14, 'squid:EmptyFile', 'Files should not be empty', TIMESTAMP '2019-04-25 14:12:05.049', 50),
(15, 'squid:MaximumInheritanceDepth', 'Inheritance tree of classes should not be too deep', TIMESTAMP '2019-04-25 14:12:05.049', 78),
(16, 'squid:ParsingError', 'Java parser failure', TIMESTAMP '2019-04-25 14:12:05.049', 115),
(17, 'squid:ClassCyclomaticComplexity', 'Classes should not be too complex', TIMESTAMP '2019-04-25 14:12:05.049', 75),
(18, 'squid:S00103', 'Lines should not be too long', TIMESTAMP '2019-04-25 14:12:05.049', 60),
(19, 'squid:S00112', 'Generic exceptions should never be thrown', TIMESTAMP '2019-04-25 14:12:05.049', 75),
(20, 'squid:S00120', 'Package names should comply with a naming convention', TIMESTAMP '2019-04-25 14:12:05.049', 57),
(21, 'squid:S00117', 'Local variable and method parameter names should comply with a naming convention', TIMESTAMP '2019-04-25 14:12:05.049', 57),
(22, 'squid:S00122', 'Statements should be on separate lines', TIMESTAMP '2019-04-25 14:12:05.049', 9),
(23, 'squid:S00116', 'Field names should comply with a naming convention', TIMESTAMP '2019-04-25 14:12:05.049', 57),
(24, 'squid:S00107', 'Methods should not have too many parameters', TIMESTAMP '2019-04-25 14:12:05.049', 50),
(25, 'squid:S00118', 'Abstract class names should comply with a naming convention', TIMESTAMP '2019-04-25 14:12:05.049', 57),
(26, 'squid:S00100', 'Method names should comply with a naming convention', TIMESTAMP '2019-04-25 14:12:05.049', 57),
(27, 'squid:S00104', 'Files should not have too many lines of code', TIMESTAMP '2019-04-25 14:12:05.049', 60),
(28, 'squid:S00113', 'Files should contain an empty newline at the end', TIMESTAMP '2019-04-25 14:12:05.049', 53),
(29, 'squid:S00105', 'Tabulation characters should not be used', TIMESTAMP '2019-04-25 14:12:05.049', 53),
(30, 'squid:S00101', 'Class names should comply with a naming convention', TIMESTAMP '2019-04-25 14:12:05.049', 57),
(31, 'squid:S00114', 'Interface names should comply with a naming convention', TIMESTAMP '2019-04-25 14:12:05.049', 57),
(32, 'squid:S00108', 'Nested blocks of code should not be left empty', TIMESTAMP '2019-04-25 14:12:05.049', 50),
(33, 'squid:S00119', 'Type parameter names should comply with a naming convention', TIMESTAMP '2019-04-25 14:12:05.049', 57),
(34, 'squid:S00115', 'Constant names should comply with a naming convention', TIMESTAMP '2019-04-25 14:12:05.049', 57),
(35, 'squid:S00121', 'Control structures should use curly braces', TIMESTAMP '2019-04-25 14:12:05.049', 9),
(36, 'squid:S1143', 'Jump statements should not occur in "finally" blocks', TIMESTAMP '2019-04-25 14:12:05.049', 67),
(37, 'squid:ObjectFinalizeCheck', 'The Object.finalize() method should not be called', TIMESTAMP '2019-04-25 14:12:05.049', 114),
(38, 'squid:S135', 'Loops should not contain more than a single "break" or "continue" statement', TIMESTAMP '2019-04-25 14:12:05.049', 10),
(39, 'squid:S1148', 'Throwable.printStackTrace(...) should not be called', TIMESTAMP '2019-04-25 14:12:05.049', 75),
(40, 'squid:S1181', 'Throwable and Error should not be caught', TIMESTAMP '2019-04-25 14:12:05.049', 99),
(41, 'squid:ObjectFinalizeOverridenCallsSuperFinalizeCheck', '"super.finalize()" should be called at the end of "Object.finalize()" implementations', TIMESTAMP '2019-04-25 14:12:05.049', 114),
(42, 'squid:S1182', 'Classes that override "clone" should be "Cloneable" and call "super.clone()"', TIMESTAMP '2019-04-25 14:12:05.05', 105),
(43, 'squid:S1151', '"switch case" clauses should not have too many lines of code', TIMESTAMP '2019-04-25 14:12:05.05', 7),
(44, 'squid:S138', 'Methods should not have too many lines', TIMESTAMP '2019-04-25 14:12:05.05', 60),
(45, 'squid:S1155', 'Collection.isEmpty() should be used to test for emptiness', TIMESTAMP '2019-04-25 14:12:05.05', 36),
(46, 'squid:S106', 'Standard outputs should not be used directly to log anything', TIMESTAMP '2019-04-25 14:12:05.05', 204),
(47, 'squid:LeftCurlyBraceEndLineCheck', 'An open curly brace should be located at the end of a line', TIMESTAMP '2019-04-25 14:12:05.05', 53),
(48, 'squid:ModifiersOrderCheck', 'Modifiers should be declared in the correct order', TIMESTAMP '2019-04-25 14:12:05.05', 53),
(49, 'squid:S1191', 'Classes from "sun.*" packages should not be used', TIMESTAMP '2019-04-25 14:12:05.05', 3),
(50, 'squid:S1220', 'The default unnamed package should not be used', TIMESTAMP '2019-04-25 14:12:05.05', 3),
(51, 'squid:S1125', 'Boolean literals should not be redundant', TIMESTAMP '2019-04-25 14:12:05.05', 11),
(52, 'squid:S1132', 'Strings literals should be placed on the left side when checking for equality', TIMESTAMP '2019-04-25 14:12:05.05', 17),
(53, 'squid:S1133', 'Deprecated code should be removed', TIMESTAMP '2019-04-25 14:12:05.05', 58),
(54, 'squid:S1197', 'Array designators "[]" should be on the type, not the variable', TIMESTAMP '2019-04-25 14:12:05.05', 26),
(55, 'squid:S1192', 'String literals should not be duplicated', TIMESTAMP '2019-04-25 14:12:05.05', 17),
(56, 'squid:S1194', '"java.lang.Error" should not be extended', TIMESTAMP '2019-04-25 14:12:05.05', 99),
(57, 'squid:RightCurlyBraceSameLineAsNextBlockCheck', 'Close curly brace and the next "else", "catch" and "finally" keywords should be located on the same line', TIMESTAMP '2019-04-25 14:12:05.05', 53),
(58, 'squid:IndentationCheck', 'Source code should be indented consistently', TIMESTAMP '2019-04-25 14:12:05.05', 53),
(59, 'squid:S1165', 'Exception classes should be immutable', TIMESTAMP '2019-04-25 14:12:05.05', 205),
(60, 'squid:S1168', 'Empty arrays and collections should be returned instead of null', TIMESTAMP '2019-04-25 14:12:05.05', 36),
(61, 'squid:S1185', 'Overriding methods should do more than simply call the same method in the super class', TIMESTAMP '2019-04-25 14:12:05.05', 78),
(62, 'squid:S1066', 'Collapsible "if" statements should be merged', TIMESTAMP '2019-04-25 14:12:05.05', 9),
(63, 'squid:S1171', 'Only static class initializers should be used', TIMESTAMP '2019-04-25 14:12:05.05', 13),
(64, 'squid:S1175', 'The signature of "finalize()" should match that of "Object.finalize()"', TIMESTAMP '2019-04-25 14:12:05.05', 114),
(65, 'squid:S1149', 'Synchronized classes Vector, Hashtable, Stack and StringBuffer should not be used', TIMESTAMP '2019-04-25 14:12:05.05', 206),
(66, 'squid:S1142', 'Methods should not have too many return statements', TIMESTAMP '2019-04-25 14:12:05.05', 65),
(67, 'squid:S128', 'Switch cases should end with an unconditional "break" statement', TIMESTAMP '2019-04-25 14:12:05.05', 7),
(68, 'squid:HiddenFieldCheck', 'Local variables should not shadow class fields', TIMESTAMP '2019-04-25 14:12:05.05', 60),
(69, 'squid:S1166', 'Exception handlers should preserve the original exceptions', TIMESTAMP '2019-04-25 14:12:05.05', 205),
(70, 'squid:S1126', 'Return of boolean expressions should not be wrapped into an "if-then-else" statement', TIMESTAMP '2019-04-25 14:12:05.05', 65),
(71, 'squid:S1174', '"Object.finalize()" should remain protected (versus public) when overriding', TIMESTAMP '2019-04-25 14:12:05.05', 114),
(72, 'squid:S1221', 'Methods should not be named "tostring", "hashcode" or "equal"', TIMESTAMP '2019-04-25 14:12:05.05', 56),
(73, 'squid:UselessParenthesesCheck', 'Redundant pairs of parentheses should be removed', TIMESTAMP '2019-04-25 14:12:05.05', 50),
(74, 'squid:LeftCurlyBraceStartLineCheck', 'An open curly brace should be located at the beginning of a line', TIMESTAMP '2019-04-25 14:12:05.05', 53),
(75, 'squid:TrailingCommentCheck', 'Comments should not be located at the end of lines of code', TIMESTAMP '2019-04-25 14:12:05.05', 61),
(76, 'squid:S1158', 'Primitive wrappers should not be instantiated only for "toString" or "compareTo" calls', TIMESTAMP '2019-04-25 14:12:05.05', 92),
(77, 'squid:UselessImportCheck', 'Unnecessary imports should be removed', TIMESTAMP '2019-04-25 14:12:05.05', 80),
(78, 'squid:S1134', 'Track uses of "FIXME" tags', TIMESTAMP '2019-04-25 14:12:05.05', 55),
(79, 'squid:ClassVariableVisibilityCheck', 'Class variable fields should not have public accessibility', TIMESTAMP '2019-04-25 14:12:05.05', 5),
(80, 'squid:S1145', 'Useless "if(true) {...}" and "if(false){...}" blocks should be removed', TIMESTAMP '2019-04-25 14:12:05.051', 9),
(81, 'squid:S1147', 'Exit methods should not be called', TIMESTAMP '2019-04-25 14:12:05.051', 152),
(82, 'squid:S1135', 'Track uses of "TODO" tags', TIMESTAMP '2019-04-25 14:12:05.051', 54),
(83, 'squid:S1150', 'Enumeration should not be implemented', TIMESTAMP '2019-04-25 14:12:05.051', 81),
(84, 'squid:ObjectFinalizeOverridenCheck', 'The Object.finalize() method should not be overriden', TIMESTAMP '2019-04-25 14:12:05.051', 114),
(85, 'squid:RightCurlyBraceDifferentLineAsNextBlockCheck', 'Close curly brace and the next "else", "catch" and "finally" keywords should be on two different lines', TIMESTAMP '2019-04-25 14:12:05.051', 53),
(86, 'squid:RedundantThrowsDeclarationCheck', '"throws" declarations should not be superfluous', TIMESTAMP '2019-04-25 14:12:05.051', 75),
(87, 'squid:S1190', 'Future keywords should not be used as names', TIMESTAMP '2019-04-25 14:12:05.051', 66),
(88, 'squid:S1193', 'Exception types should not be tested using "instanceof" in catch blocks', TIMESTAMP '2019-04-25 14:12:05.051', 67),
(89, 'squid:S1195', 'Array designators "[]" should be located after the type in method signatures', TIMESTAMP '2019-04-25 14:12:05.051', 65),
(90, 'squid:S1199', 'Nested code blocks should not be used', TIMESTAMP '2019-04-25 14:12:05.051', 53),
(91, 'squid:MissingDeprecatedCheck', 'Deprecated elements should have both the annotation and the Javadoc tag', TIMESTAMP '2019-04-25 14:12:05.051', 58),
(92, 'squid:S134', 'Control flow statements "if", "for", "while", "switch" and "try" should not be nested too deeply', TIMESTAMP '2019-04-25 14:12:05.051', 53),
(93, 'squid:RightCurlyBraceStartLineCheck', 'A close curly brace should be located at the beginning of a line', TIMESTAMP '2019-04-25 14:12:05.051', 53),
(94, 'squid:S1201', '"equals" method overrides should accept "Object" parameters', TIMESTAMP '2019-04-25 14:12:05.051', 104),
(95, 'squid:S1215', 'Execution of the Garbage Collector should be triggered only by the JVM', TIMESTAMP '2019-04-25 14:12:05.051', 100),
(96, 'squid:S1214', 'Constants should not be defined in interfaces', TIMESTAMP '2019-04-25 14:12:05.051', 81),
(97, 'squid:S1160', 'Public methods should throw at most one checked exception', TIMESTAMP '2019-04-25 14:12:05.051', 75),
(98, 'squid:S1163', 'Exceptions should not be thrown in finally blocks', TIMESTAMP '2019-04-25 14:12:05.051', 205),
(99, 'squid:LabelsShouldNotBeUsedCheck', 'Labels should not be used', TIMESTAMP '2019-04-25 14:12:05.051', 24),
(100, 'squid:S1153', 'String.valueOf() should not be appended to a String', TIMESTAMP '2019-04-25 14:12:05.051', 207),
(101, 'squid:S1157', 'Case insensitive string comparisons should be made without intermediate upper or lower casing', TIMESTAMP '2019-04-25 14:12:05.051', 104),
(102, 'squid:S1186', 'Methods should not be empty', TIMESTAMP '2019-04-25 14:12:05.051', 65),
(103, 'squid:S1067', 'Expressions should not be too complex', TIMESTAMP '2019-04-25 14:12:05.051', 9),
(104, 'squid:S1188', 'Lambdas and anonymous classes should not have too many lines of code', TIMESTAMP '2019-04-25 14:12:05.051', 111),
(105, 'squid:S1170', 'Public constants and fields initialized at declaration should be "static final" rather than merely "final"', TIMESTAMP '2019-04-25 14:12:05.051', 30),
(106, 'squid:S1118', 'Utility classes should not have public constructors', TIMESTAMP '2019-04-25 14:12:05.051', 83),
(107, 'squid:S1141', 'Try-catch blocks should not be nested', TIMESTAMP '2019-04-25 14:12:05.051', 67),
(108, 'squid:ForLoopCounterChangedCheck', '"for" loop stop conditions should be invariant', TIMESTAMP '2019-04-25 14:12:05.051', 10),
(109, 'squid:AssignmentInSubExpressionCheck', 'Assignments should not be made from within sub-expressions', TIMESTAMP '2019-04-25 14:12:05.051', 222),
(110, 'squid:SwitchLastCaseIsDefaultCheck', '"switch" statements should have "default" clauses', TIMESTAMP '2019-04-25 14:12:05.051', 7),
(111, 'squid:EmptyStatementUsageCheck', 'Empty statements should be removed', TIMESTAMP '2019-04-25 14:12:05.051', 50),
(112, 'squid:S1217', '"Thread.run()" should not be called directly', TIMESTAMP '2019-04-25 14:12:05.051', 151),
(113, 'squid:S1310', 'Track uses of "NOPMD" suppression comments', TIMESTAMP '2019-04-25 14:12:05.051', 51),
(114, 'squid:S1206', '"equals(Object obj)" and "hashCode()" should be overridden in pairs', TIMESTAMP '2019-04-25 14:12:05.051', 104),
(115, 'squid:S1200', 'Classes should not be coupled to too many other classes (Single Responsibility Principle)', TIMESTAMP '2019-04-25 14:12:05.052', 50),
(116, 'squid:S1223', 'Non-constructor methods should not have the same name as the enclosing class', TIMESTAMP '2019-04-25 14:12:05.052', 56),
(117, 'squid:S1313', 'Using hardcoded IP addresses is security-sensitive', TIMESTAMP '2019-04-25 14:12:05.052', 121),
(118, 'squid:S1312', 'Loggers should be "private static final" and should share a naming convention', TIMESTAMP '2019-04-25 14:12:05.052', 91),
(119, 'squid:S1315', 'Track uses of "CHECKSTYLE:OFF" suppression comments', TIMESTAMP '2019-04-25 14:12:05.052', 50),
(120, 'squid:S1319', 'Declarations should use Java collection interfaces such as "List" rather than specific implementation classes such as "LinkedList"', TIMESTAMP '2019-04-25 14:12:05.052', 208),
(121, 'squid:S1210', '"equals(Object obj)" should be overridden along with the "compareTo(T obj)" method', TIMESTAMP '2019-04-25 14:12:05.052', 113),
(122, 'squid:S1314', 'Octal values should not be used', TIMESTAMP '2019-04-25 14:12:05.052', 15),
(123, 'squid:S1219', '"switch" statements should not contain non-case labels', TIMESTAMP '2019-04-25 14:12:05.052', 7),
(124, 'squid:S1301', '"switch" statements should have at least 3 "case" clauses', TIMESTAMP '2019-04-25 14:12:05.052', 7),
(125, 'squid:S1226', 'Method parameters, caught exceptions and foreach variables'' initial values should not be ignored', TIMESTAMP '2019-04-25 14:12:05.052', 67),
(126, 'squid:S1451', 'Track lack of copyright and license headers', TIMESTAMP '2019-04-25 14:12:05.052', 50),
(127, 'squid:S1481', 'Unused local variables should be removed', TIMESTAMP '2019-04-25 14:12:05.052', 50),
(128, 'squid:S881', 'Increment (++) and decrement (--) operators should not be used in a method call or mixed with other operators in an expression', TIMESTAMP '2019-04-25 14:12:05.052', 8),
(129, 'squid:S1444', '"public static" fields should be constant', TIMESTAMP '2019-04-25 14:12:05.052', 30),
(130, 'squid:S1068', 'Unused "private" fields should be removed', TIMESTAMP '2019-04-25 14:12:05.052', 50),
(131, 'squid:S1452', 'Generic wildcard types should not be used in return parameters', TIMESTAMP '2019-04-25 14:12:05.052', 94),
(132, 'squid:S1317', '"StringBuilder" and "StringBuffer" should not be instantiated with a character', TIMESTAMP '2019-04-25 14:12:05.052', 18),
(133, 'squid:S1488', 'Local variables should not be declared and then immediately returned or thrown', TIMESTAMP '2019-04-25 14:12:05.052', 50),
(134, 'squid:S1596', '"Collections.EMPTY_LIST", "EMPTY_MAP", and "EMPTY_SET" should not be used', TIMESTAMP '2019-04-25 14:12:05.052', 85),
(135, 'squid:S1602', 'Lamdbas containing only one statement should not nest this statement in a block', TIMESTAMP '2019-04-25 14:12:05.052', 111),
(136, 'squid:S1611', 'Parentheses should be removed from a single lambda input parameter when its type is inferred', TIMESTAMP '2019-04-25 14:12:05.052', 111),
(137, 'squid:S1213', 'The members of an interface or class declaration should appear in a pre-defined order', TIMESTAMP '2019-04-25 14:12:05.052', 53),
(138, 'squid:S1604', 'Anonymous inner classes containing only one method should become lambdas', TIMESTAMP '2019-04-25 14:12:05.052', 111),
(139, 'squid:S1610', 'Abstract classes without fields should be converted to interfaces', TIMESTAMP '2019-04-25 14:12:05.052', 84),
(140, 'squid:S1698', '"==" and "!=" should not be used when "equals" is overridden', TIMESTAMP '2019-04-25 14:12:05.052', 104),
(141, 'squid:S1609', '@FunctionalInterface annotation should be used to flag Single Abstract Method interfaces', TIMESTAMP '2019-04-25 14:12:05.052', 86),
(142, 'squid:S1700', 'A field should not duplicate the name of its containing class', TIMESTAMP '2019-04-25 14:12:05.052', 56),
(143, 'squid:S1643', 'Strings should not be concatenated using ''+'' in a loop', TIMESTAMP '2019-04-25 14:12:05.052', 10),
(144, 'squid:S1172', 'Unused method parameters should be removed', TIMESTAMP '2019-04-25 14:12:05.052', 50),
(145, 'squid:S1696', '"NullPointerException" should not be caught', TIMESTAMP '2019-04-25 14:12:05.052', 205),
(146, 'squid:S109', 'Magic numbers should not be used', TIMESTAMP '2019-04-25 14:12:05.052', 50),
(147, 'squid:S1694', 'An abstract class should have both abstract and concrete methods', TIMESTAMP '2019-04-25 14:12:05.052', 84),
(148, 'squid:S1598', 'Package declaration should match source file directory', TIMESTAMP '2019-04-25 14:12:05.052', 3),
(149, 'squid:S1710', 'Annotation repetitions should not be wrapped', TIMESTAMP '2019-04-25 14:12:05.052', 73),
(150, 'squid:S1697', 'Short-circuit logic should be used to prevent null pointer dereferences in conditionals', TIMESTAMP '2019-04-25 14:12:05.052', 39),
(151, 'squid:S1695', '"NullPointerException" should not be explicitly thrown', TIMESTAMP '2019-04-25 14:12:05.052', 205),
(152, 'squid:S1862', 'Related "if/else if" statements should not have the same condition', TIMESTAMP '2019-04-25 14:12:05.053', 9),
(153, 'squid:S1656', 'Variables should not be self-assigned', TIMESTAMP '2019-04-25 14:12:05.053', 50),
(154, 'squid:S1612', 'Lambdas should be replaced with method references', TIMESTAMP '2019-04-25 14:12:05.053', 111),
(155, 'squid:S2039', 'Member variable visibility should be specified', TIMESTAMP '2019-04-25 14:12:05.053', 5),
(156, 'squid:S1948', 'Fields in a "Serializable" class should either be transient or serializable', TIMESTAMP '2019-04-25 14:12:05.053', 191),
(157, 'squid:S1161', '"@Override" should be used on overriding and implementing methods', TIMESTAMP '2019-04-25 14:12:05.053', 73),
(158, 'squid:S1764', 'Identical expressions should not be used on both sides of a binary operator', TIMESTAMP '2019-04-25 14:12:05.053', 8),
(159, 'squid:S1774', 'The ternary operator should not be used', TIMESTAMP '2019-04-25 14:12:05.053', 41),
(160, 'squid:S1994', '"for" loop increment clauses should modify the loops'' counters', TIMESTAMP '2019-04-25 14:12:05.053', 10),
(161, 'squid:S2077', 'Executing SQL queries is security-sensitive', TIMESTAMP '2019-04-25 14:12:05.053', 209),
(162, 'squid:S2094', 'Classes should not be empty', TIMESTAMP '2019-04-25 14:12:05.053', 50),
(163, 'squid:S1228', 'Packages should have a javadoc file ''package-info.java''', TIMESTAMP '2019-04-25 14:12:05.053', 4),
(164, 'squid:S1871', 'Two branches in a conditional structure should not have exactly the same implementation', TIMESTAMP '2019-04-25 14:12:05.053', 7),
(165, 'squid:S1479', '"switch" statements should not have too many "case" clauses', TIMESTAMP '2019-04-25 14:12:05.053', 60),
(166, 'squid:S1244', 'Floating point numbers should not be tested for equality', TIMESTAMP '2019-04-25 14:12:05.053', 6),
(167, 'squid:S1850', '"instanceof" operators that always return "true" or "false" should be removed', TIMESTAMP '2019-04-25 14:12:05.053', 103),
(168, 'squid:S1905', 'Redundant casts should not be used', TIMESTAMP '2019-04-25 14:12:05.053', 101),
(169, 'squid:S2114', 'Collections should not be passed as arguments to their own methods', TIMESTAMP '2019-04-25 14:12:05.053', 36),
(170, 'squid:S2226', 'Servlets should not have mutable instance fields', TIMESTAMP '2019-04-25 14:12:05.053', 50),
(171, 'squid:S2236', 'Methods "wait(...)", "notify()" and "notifyAll()" should not be called on Thread instances', TIMESTAMP '2019-04-25 14:12:05.053', 157),
(172, 'squid:S2096', '"main" should not "throw" anything', TIMESTAMP '2019-04-25 14:12:05.053', 75),
(173, 'squid:S2225', '"toString()" and "clone()" methods should not return null', TIMESTAMP '2019-04-25 14:12:05.053', 105),
(174, 'squid:S2092', 'Creating cookies without the "secure" flag is security-sensitive', TIMESTAMP '2019-04-25 14:12:05.053', 139),
(175, 'squid:S2250', 'Collection methods with O(n) performance should be used carefully', TIMESTAMP '2019-04-25 14:12:05.053', 208),
(176, 'squid:S2232', '"ResultSet.isLast()" should not be used', TIMESTAMP '2019-04-25 14:12:05.053', 130),
(177, 'squid:S1844', '"Object.wait(...)" should never be called on objects that implement "java.util.concurrent.locks.Condition"', TIMESTAMP '2019-04-25 14:12:05.053', 153),
(178, 'squid:S2251', 'A "for" loop update clause should move the counter in the right direction', TIMESTAMP '2019-04-25 14:12:05.053', 10),
(179, 'squid:S2201', 'Return values from functions without side effects should not be ignored', TIMESTAMP '2019-04-25 14:12:05.053', 65),
(180, 'squid:S888', 'Equality operators should not be used in "for" loop termination conditions', TIMESTAMP '2019-04-25 14:12:05.053', 10),
(181, 'squid:S2245', 'Using pseudorandom number generators (PRNGs) is security-sensitive', TIMESTAMP '2019-04-25 14:12:05.053', 110),
(182, 'squid:S2235', 'IllegalMonitorStateException should not be caught', TIMESTAMP '2019-04-25 14:12:05.053', 157),
(183, 'squid:S2089', 'HTTP referers should not be relied on', TIMESTAMP '2019-04-25 14:12:05.053', 129),
(184, 'squid:S1162', 'Checked exceptions should not be thrown', TIMESTAMP '2019-04-25 14:12:05.053', 210),
(185, 'squid:S2068', 'Credentials should not be hard-coded', TIMESTAMP '2019-04-25 14:12:05.053', 211),
(186, 'squid:S2254', '"HttpServletRequest.getRequestedSessionId()" should not be used', TIMESTAMP '2019-04-25 14:12:05.053', 140),
(187, 'squid:S2230', 'Non-public methods should not be "@Transactional"', TIMESTAMP '2019-04-25 14:12:05.053', 148),
(188, 'squid:S2252', 'Loop conditions should be true at least once', TIMESTAMP '2019-04-25 14:12:05.053', 10),
(189, 'squid:S1849', '"Iterator.hasNext()" should not call "Iterator.next()"', TIMESTAMP '2019-04-25 14:12:05.053', 23),
(190, 'squid:S2200', '"compareTo" results should not be checked for specific values', TIMESTAMP '2019-04-25 14:12:05.054', 113),
(191, 'squid:S2070', 'SHA-1 and Message-Digest hash algorithms should not be used in secure contexts', TIMESTAMP '2019-04-25 14:12:05.054', 163),
(192, 'squid:S2258', '"javax.crypto.NullCipher" should not be used for anything other than testing', TIMESTAMP '2019-04-25 14:12:05.054', 164),
(193, 'squid:S1065', 'Unused labels should be removed', TIMESTAMP '2019-04-25 14:12:05.054', 50),
(194, 'squid:S2184', 'Math operands should be cast before assignment', TIMESTAMP '2019-04-25 14:12:05.054', 89),
(195, 'squid:S2277', 'Cryptographic RSA algorithms should always incorporate OAEP (Optimal Asymmetric Encryption Padding)', TIMESTAMP '2019-04-25 14:12:05.054', 167),
(196, 'squid:S2275', 'Printf-style format strings should not lead to unexpected behavior at runtime', TIMESTAMP '2019-04-25 14:12:05.054', 21),
(197, 'squid:S2111', '"BigDecimal(double)" should not be used', TIMESTAMP '2019-04-25 14:12:05.054', 212),
(198, 'squid:S1943', 'Classes and methods that rely on the default system encoding should not be used', TIMESTAMP '2019-04-25 14:12:05.054', 46),
(199, 'squid:S2151', '"runFinalizersOnExit" should not be called', TIMESTAMP '2019-04-25 14:12:05.054', 213),
(200, 'squid:S2274', '"Object.wait(...)" and "Condition.await(...)" should be called inside a "while" loop', TIMESTAMP '2019-04-25 14:12:05.054', 153),
(201, 'squid:S2276', '"wait(...)" should be used instead of "Thread.sleep(...)" when a lock is held', TIMESTAMP '2019-04-25 14:12:05.054', 153),
(202, 'squid:S2157', '"Cloneables" should implement "clone"', TIMESTAMP '2019-04-25 14:12:05.054', 105),
(203, 'squid:S2116', '"hashCode" and "toString" should not be called on array instances', TIMESTAMP '2019-04-25 14:12:05.054', 71),
(204, 'squid:S2272', '"Iterator.next()" methods should throw "NoSuchElementException"', TIMESTAMP '2019-04-25 14:12:05.054', 205),
(205, 'squid:S2278', 'Neither DES (Data Encryption Standard) nor DESede (3DES) should be used', TIMESTAMP '2019-04-25 14:12:05.054', 169),
(206, 'squid:S2204', '".equals()" should not be used to test the values of "Atomic" classes', TIMESTAMP '2019-04-25 14:12:05.054', 104),
(207, 'squid:S2127', '"Double.longBitsToDouble" should not be used for "int"', TIMESTAMP '2019-04-25 14:12:05.054', 215),
(208, 'squid:S2273', '"wait", "notify" and "notifyAll" should only be called when a lock is obviously held on an object', TIMESTAMP '2019-04-25 14:12:05.054', 157),
(209, 'squid:S1699', 'Constructors should only call non-overridable methods', TIMESTAMP '2019-04-25 14:12:05.054', 70),
(210, 'squid:S2109', 'Reflection should not be used to check non-runtime annotations', TIMESTAMP '2019-04-25 14:12:05.054', 77),
(211, 'squid:S2197', 'Modulus results should not be checked for direct equality', TIMESTAMP '2019-04-25 14:12:05.054', 65),
(212, 'squid:S2178', 'Short-circuit logic should be used in boolean contexts', TIMESTAMP '2019-04-25 14:12:05.054', 39),
(213, 'squid:S2078', 'LDAP queries should not be vulnerable to injection attacks', TIMESTAMP '2019-04-25 14:12:05.054', 168),
(214, 'squid:S2076', 'OS commands should not be vulnerable to injection attacks', TIMESTAMP '2019-04-25 14:12:05.054', 168),
(215, 'squid:S1860', 'Synchronization should not be based on Strings or boxed primitives', TIMESTAMP '2019-04-25 14:12:05.054', 158),
(216, 'squid:S2130', 'Parsing should be used to convert "Strings" to primitives', TIMESTAMP '2019-04-25 14:12:05.054', 115),
(217, 'squid:S2057', '"Serializable" classes should have a "serialVersionUID"', TIMESTAMP '2019-04-25 14:12:05.054', 216),
(218, 'squid:S2166', 'Classes named like "Exception" should extend "Exception" or a subclass', TIMESTAMP '2019-04-25 14:12:05.054', 56),
(219, 'squid:S2153', 'Boxing and unboxing should not be immediately reversed', TIMESTAMP '2019-04-25 14:12:05.054', 108),
(220, 'squid:S2176', 'Class names should not shadow interfaces or superclasses', TIMESTAMP '2019-04-25 14:12:05.054', 81),
(221, 'squid:S2326', 'Unused type parameters should be removed', TIMESTAMP '2019-04-25 14:12:05.054', 50),
(222, 'squid:S2164', 'Math should not be performed on floats', TIMESTAMP '2019-04-25 14:12:05.054', 89),
(223, 'squid:S2183', 'Ints and longs should not be shifted by zero or more than their number of bits-1', TIMESTAMP '2019-04-25 14:12:05.054', 217),
(224, 'squid:S2257', 'Using non-standard cryptographic algorithms is security-sensitive', TIMESTAMP '2019-04-25 14:12:05.054', 161),
(225, 'squid:S2386', 'Mutable fields should not be "public static"', TIMESTAMP '2019-04-25 14:12:05.054', 79),
(226, 'squid:S1309', 'Track uses of "@SuppressWarnings" annotations', TIMESTAMP '2019-04-25 14:12:05.054', 73),
(227, 'squid:S2055', 'The non-serializable super class of a "Serializable" class should have a no-argument constructor', TIMESTAMP '2019-04-25 14:12:05.054', 216),
(228, 'squid:S2065', 'Fields in non-serializable classes should not be "transient"', TIMESTAMP '2019-04-25 14:12:05.054', 191),
(229, 'squid:S2059', '"Serializable" inner classes of "Serializable" classes should be static', TIMESTAMP '2019-04-25 14:12:05.055', 216),
(230, 'squid:S2063', 'Comparators should be "Serializable"', TIMESTAMP '2019-04-25 14:12:05.055', 216),
(231, 'squid:S2061', 'Custom serialization method signatures should meet requirements', TIMESTAMP '2019-04-25 14:12:05.055', 216),
(232, 'squid:S2066', '"Serializable" inner classes of non-serializable classes should be "static"', TIMESTAMP '2019-04-25 14:12:05.055', 216),
(233, 'squid:S2156', '"final" classes should not have "protected" members', TIMESTAMP '2019-04-25 14:12:05.055', 5),
(234, 'squid:S2333', 'Redundant modifiers should not be used', TIMESTAMP '2019-04-25 14:12:05.055', 5),
(235, 'squid:S2118', 'Non-serializable classes should not be written', TIMESTAMP '2019-04-25 14:12:05.055', 183),
(236, 'squid:S2133', 'Objects should not be created only to "getClass"', TIMESTAMP '2019-04-25 14:12:05.055', 90),
(237, 'squid:S2131', 'Primitives should not be boxed just for "String" conversion', TIMESTAMP '2019-04-25 14:12:05.055', 108),
(238, 'squid:S2123', 'Values should not be uselessly incremented', TIMESTAMP '2019-04-25 14:12:05.055', 218),
(239, 'squid:S2122', '"ScheduledThreadPoolExecutor" should not have 0 core threads', TIMESTAMP '2019-04-25 14:12:05.055', 219),
(240, 'squid:S2134', 'Classes extending java.lang.Thread should override the "run" method', TIMESTAMP '2019-04-25 14:12:05.055', 151),
(241, 'squid:S2437', 'Silly bit operations should not be performed', TIMESTAMP '2019-04-25 14:12:05.055', 220),
(242, 'squid:S1872', 'Classes should not be compared by name', TIMESTAMP '2019-04-25 14:12:05.055', 103),
(243, 'squid:S2438', '"Threads" should not be used where "Runnables" are expected', TIMESTAMP '2019-04-25 14:12:05.055', 152),
(244, 'squid:S2154', 'Dissimilar primitive wrappers should not be used with the ternary operator without explicit casting', TIMESTAMP '2019-04-25 14:12:05.055', 92),
(245, 'squid:S2447', 'Null should not be returned from a "Boolean" method', TIMESTAMP '2019-04-25 14:12:05.055', 65),
(246, 'squid:S2441', 'Non-serializable objects should not be stored in "HttpSession" objects', TIMESTAMP '2019-04-25 14:12:05.055', 140),
(247, 'squid:S2165', '"finalize" should not set fields to "null"', TIMESTAMP '2019-04-25 14:12:05.055', 114),
(248, 'squid:S2446', '"notifyAll" should be used', TIMESTAMP '2019-04-25 14:12:05.055', 157),
(249, 'squid:S2445', 'Blocks should be synchronized on "private final" fields', TIMESTAMP '2019-04-25 14:12:05.055', 158),
(250, 'squid:S2442', '"Lock" objects should not be "synchronized"', TIMESTAMP '2019-04-25 14:12:05.055', 158),
(251, 'squid:S2162', '"equals" methods should be symmetric and work for subclasses', TIMESTAMP '2019-04-25 14:12:05.055', 104),
(252, 'squid:S2160', 'Subclasses that add fields should override "equals"', TIMESTAMP '2019-04-25 14:12:05.055', 104),
(253, 'squid:S2167', '"compareTo" should not return "Integer.MIN_VALUE"', TIMESTAMP '2019-04-25 14:12:05.055', 103),
(254, 'squid:S2388', 'Inner class calls to super class methods should be unambiguous', TIMESTAMP '2019-04-25 14:12:05.055', 112),
(255, 'squid:S2440', 'Classes with only "static" methods should not be instantiated', TIMESTAMP '2019-04-25 14:12:05.055', 79),
(256, 'squid:S2444', 'Lazy initialization of "static" fields should be "synchronized"', TIMESTAMP '2019-04-25 14:12:05.055', 158),
(257, 'squid:S2110', 'Invalid "Date" values should not be used', TIMESTAMP '2019-04-25 14:12:05.055', 88),
(258, 'squid:S2175', 'Inappropriate "Collection" calls should not be made', TIMESTAMP '2019-04-25 14:12:05.055', 208),
(259, 'squid:S2301', 'Public methods should not contain selector arguments', TIMESTAMP '2019-04-25 14:12:05.055', 53),
(260, 'squid:S2259', 'Null pointers should not be dereferenced', TIMESTAMP '2019-04-25 14:12:05.055', 205),
(261, 'squid:S2674', 'The value returned from a stream read should be checked', TIMESTAMP '2019-04-25 14:12:05.055', 198),
(262, 'squid:S2696', 'Instance methods should not write to "static" fields', TIMESTAMP '2019-04-25 14:12:05.055', 158),
(263, 'squid:S2718', '"DateUtils.truncate" from Apache Commons Lang library should not be used', TIMESTAMP '2019-04-25 14:12:05.055', 88),
(264, 'squid:S1939', 'Extensions and implementations should not be redundant', TIMESTAMP '2019-04-25 14:12:05.055', 78),
(265, 'squid:S2112', '"URL.hashCode" and "URL.equals" should be avoided', TIMESTAMP '2019-04-25 14:12:05.055', 117),
(266, 'squid:S2695', '"PreparedStatement" and "ResultSet" methods should be called with valid indices', TIMESTAMP '2019-04-25 14:12:05.055', 221),
(267, 'squid:S2222', 'Locks should be released', TIMESTAMP '2019-04-25 14:12:05.055', 154),
(268, 'squid:S2095', 'Resources should be closed', TIMESTAMP '2019-04-25 14:12:05.056', 249),
(269, 'squid:S2185', 'Silly math should not be performed', TIMESTAMP '2019-04-25 14:12:05.056', 89),
(270, 'squid:S2675', '"readObject" should not be "synchronized"', TIMESTAMP '2019-04-25 14:12:05.056', 183),
(271, 'squid:S2786', 'Nested "enum"s should not be declared static', TIMESTAMP '2019-04-25 14:12:05.056', 79),
(272, 'squid:S2187', 'TestCases should contain tests', TIMESTAMP '2019-04-25 14:12:05.056', 201),
(273, 'squid:S2186', 'JUnit assertions should not be used in "run" methods', TIMESTAMP '2019-04-25 14:12:05.056', 202),
(274, 'squid:S2677', '"read" and "readLine" return values should be used', TIMESTAMP '2019-04-25 14:12:05.056', 188),
(275, 'squid:S2676', 'Neither "Math.abs" nor negation should be used on numbers that could be "MIN_VALUE"', TIMESTAMP '2019-04-25 14:12:05.056', 89),
(276, 'squid:S2387', 'Child class fields should not shadow parent class fields', TIMESTAMP '2019-04-25 14:12:05.056', 56),
(277, 'squid:S2188', 'JUnit test cases should call super methods', TIMESTAMP '2019-04-25 14:12:05.056', 202),
(278, 'squid:S2159', 'Silly equality checks should not be made', TIMESTAMP '2019-04-25 14:12:05.056', 104),
(279, 'squid:S1607', 'Tests should not be ignored', TIMESTAMP '2019-04-25 14:12:05.056', 201),
(280, 'squid:S2885', 'Non-thread-safe fields should not be static', TIMESTAMP '2019-04-25 14:12:05.056', 79),
(281, 'squid:S2701', 'Literal boolean values should not be used in assertions', TIMESTAMP '2019-04-25 14:12:05.056', 201),
(282, 'squid:S2097', '"equals(Object obj)" should test argument type', TIMESTAMP '2019-04-25 14:12:05.056', 104),
(283, 'squid:S1858', '"toString()" should never be called on a String object', TIMESTAMP '2019-04-25 14:12:05.056', 214),
(284, 'squid:S2698', 'JUnit assertions should include messages', TIMESTAMP '2019-04-25 14:12:05.056', 202),
(285, 'squid:S2864', '"entrySet()" should be iterated when both the key and value are needed', TIMESTAMP '2019-04-25 14:12:05.056', 28),
(286, 'squid:S2693', 'Threads should not be started in constructors', TIMESTAMP '2019-04-25 14:12:05.056', 151),
(287, 'squid:S2692', '"indexOf" checks should not be for positive numbers', TIMESTAMP '2019-04-25 14:12:05.056', 20),
(288, 'squid:S864', 'Limited dependence should be placed on operator precedence', TIMESTAMP '2019-04-25 14:12:05.056', 8),
(289, 'squid:S2583', 'Conditionally executed blocks should be reachable', TIMESTAMP '2019-04-25 14:12:05.056', 50),
(290, 'squid:S2384', 'Mutable members should not be stored or returned directly', TIMESTAMP '2019-04-25 14:12:05.056', 88),
(291, 'squid:S2976', '"File.createTempFile" should not be used to create a directory', TIMESTAMP '2019-04-25 14:12:05.056', 203),
(292, 'squid:S2681', 'Multiline blocks should be enclosed in curly braces', TIMESTAMP '2019-04-25 14:12:05.056', 50),
(293, 'squid:S2970', 'Assertions should be complete', TIMESTAMP '2019-04-25 14:12:05.056', 74),
(294, 'squid:S2325', '"private" methods that don''t access instance data should be "static"', TIMESTAMP '2019-04-25 14:12:05.056', 79),
(295, 'squid:S2699', 'Tests should include assertions', TIMESTAMP '2019-04-25 14:12:05.056', 74),
(296, 'squid:S1640', 'Maps with keys that are enum values should be replaced with EnumMap', TIMESTAMP '2019-04-25 14:12:05.056', 33),
(297, 'squid:S2912', '"indexOf" checks should use a start position', TIMESTAMP '2019-04-25 14:12:05.056', 20),
(298, 'squid:S1940', 'Boolean checks should not be inverted', TIMESTAMP '2019-04-25 14:12:05.056', 222),
(299, 'squid:S2391', 'JUnit framework methods should be declared properly', TIMESTAMP '2019-04-25 14:12:05.056', 202),
(300, 'squid:S1264', 'A "while" loop should be used instead of a "for" loop', TIMESTAMP '2019-04-25 14:12:05.056', 10),
(301, 'squid:S2209', '"static" members should be accessed statically', TIMESTAMP '2019-04-25 14:12:05.056', 79),
(302, 'squid:S2208', 'Wildcard imports should not be used', TIMESTAMP '2019-04-25 14:12:05.056', 80),
(303, 'squid:S3008', 'Static non-final field names should comply with a naming convention', TIMESTAMP '2019-04-25 14:12:05.056', 57),
(304, 'squid:S1659', 'Multiple variables should not be declared on the same line', TIMESTAMP '2019-04-25 14:12:05.057', 53),
(305, 'squid:S2694', 'Inner classes which do not reference their owning classes should be "static"', TIMESTAMP '2019-04-25 14:12:05.057', 112),
(306, 'squid:S2974', 'Classes without "public" constructors should be "final"', TIMESTAMP '2019-04-25 14:12:05.057', 83),
(307, 'squid:S2924', 'JUnit rules should be used', TIMESTAMP '2019-04-25 14:12:05.057', 202),
(308, 'squid:S1989', 'Exceptions should not be thrown from servlet methods', TIMESTAMP '2019-04-25 14:12:05.057', 141),
(309, 'squid:S2925', '"Thread.sleep" should not be used in tests', TIMESTAMP '2019-04-25 14:12:05.057', 201),
(310, 'squid:S2658', 'Classes should not be loaded dynamically', TIMESTAMP '2019-04-25 14:12:05.057', 87),
(311, 'squid:S3047', 'Multiple loops over the same set should be combined', TIMESTAMP '2019-04-25 14:12:05.057', 10),
(312, 'squid:S1845', 'Methods and field names should not be the same or differ only by capitalization', TIMESTAMP '2019-04-25 14:12:05.057', 56),
(313, 'squid:S2653', 'Web applications should not have a "main" method', TIMESTAMP '2019-04-25 14:12:05.057', 146),
(314, 'squid:S2972', 'Inner classes should not have too many lines of code', TIMESTAMP '2019-04-25 14:12:05.057', 60),
(315, 'squid:S1448', 'Classes should not have too many methods', TIMESTAMP '2019-04-25 14:12:05.057', 60),
(316, 'squid:S3052', 'Fields should not be initialized to default values', TIMESTAMP '2019-04-25 14:12:05.057', 13),
(317, 'squid:S1258', 'Classes and enums with private members should have a constructor', TIMESTAMP '2019-04-25 14:12:05.057', 83),
(318, 'squid:S2221', '"Exception" should not be caught when not required by called methods', TIMESTAMP '2019-04-25 14:12:05.057', 67),
(319, 'squid:S1854', 'Dead stores should be removed', TIMESTAMP '2019-04-25 14:12:05.057', 248),
(320, 'squid:S3340', 'Annotation arguments should appear in the order in which they were declared', TIMESTAMP '2019-04-25 14:12:05.057', 60),
(321, 'squid:S2973', 'Escaped Unicode characters should not be used', TIMESTAMP '2019-04-25 14:12:05.057', 52),
(322, 'squid:S1996', 'Files should contain only one top-level class or interface each', TIMESTAMP '2019-04-25 14:12:05.057', 53),
(323, 'squid:S1941', 'Variables should not be declared before they are relevant', TIMESTAMP '2019-04-25 14:12:05.057', 60),
(324, 'squid:S2975', '"clone" should not be overridden', TIMESTAMP '2019-04-25 14:12:05.057', 105),
(325, 'squid:S818', 'Literal suffixes should be upper case', TIMESTAMP '2019-04-25 14:12:05.057', 11),
(326, 'squid:S2293', 'The diamond operator ("<>") should be used', TIMESTAMP '2019-04-25 14:12:05.057', 102),
(327, 'squid:S3423', 'pom elements should be in the recommended order', TIMESTAMP '2019-04-25 14:12:05.057', 44),
(328, 'squid:S3422', 'Dependencies should not have "system" scope', TIMESTAMP '2019-04-25 14:12:05.057', 44),
(329, 'squid:S3420', 'Artifact ids should follow a naming convention', TIMESTAMP '2019-04-25 14:12:05.057', 57),
(330, 'squid:S3419', 'Group ids should follow a naming convention', TIMESTAMP '2019-04-25 14:12:05.057', 57),
(331, 'squid:S2147', 'Catches should be combined', TIMESTAMP '2019-04-25 14:12:05.057', 60),
(332, 'squid:S3346', 'Expressions used in "assert" should not produce side effects', TIMESTAMP '2019-04-25 14:12:05.057', 74),
(333, 'squid:S2093', 'Try-with-resources should be used', TIMESTAMP '2019-04-25 14:12:05.057', 76),
(334, 'squid:S3400', 'Methods should not return constants', TIMESTAMP '2019-04-25 14:12:05.057', 65),
(335, 'squid:S2638', 'Method overrides should not change contracts', TIMESTAMP '2019-04-25 14:12:05.057', 70),
(336, 'squid:S2639', 'Inappropriate regular expressions should not be used', TIMESTAMP '2019-04-25 14:12:05.057', 19),
(337, 'squid:S2737', '"catch" clauses should do more than rethrow', TIMESTAMP '2019-04-25 14:12:05.057', 67),
(338, 'squid:S3281', 'Default EJB interceptors should be declared in "ejb-jar.xml"', TIMESTAMP '2019-04-25 14:12:05.058', 146),
(339, 'squid:S3398', '"private" methods called only by inner classes should be moved to those classes', TIMESTAMP '2019-04-25 14:12:05.058', 112),
(340, 'squid:S3369', 'Security constraints should be defined', TIMESTAMP '2019-04-25 14:12:05.058', 135),
(341, 'squid:S3355', 'Defined filters should be used', TIMESTAMP '2019-04-25 14:12:05.058', 136),
(342, 'squid:S3438', '"SingleConnectionFactory" instances should be set to "reconnectOnException"', TIMESTAMP '2019-04-25 14:12:05.058', 173),
(343, 'squid:S3282', 'EJB interceptor exclusions should be declared as annotations', TIMESTAMP '2019-04-25 14:12:05.058', 146),
(344, 'squid:S3374', 'Struts validation forms should have unique names', TIMESTAMP '2019-04-25 14:12:05.058', 195),
(345, 'squid:S2142', '"InterruptedException" should not be ignored', TIMESTAMP '2019-04-25 14:12:05.058', 223),
(346, 'squid:S3373', '"action" mappings should not have too many "forward" entries', TIMESTAMP '2019-04-25 14:12:05.058', 197),
(347, 'squid:S3421', 'Deprecated "$pom" properties should not be used', TIMESTAMP '2019-04-25 14:12:05.058', 44),
(348, 'squid:S923', 'Functions should not be defined with a variable number of arguments', TIMESTAMP '2019-04-25 14:12:05.058', 68),
(349, 'squid:S3034', 'Raw byte values should not be used in bitwise operations in combination with shifts', TIMESTAMP '2019-04-25 14:12:05.058', 217),
(350, 'squid:S2129', 'Constructors should not be used to instantiate "String", "BigInteger", "BigDecimal" and primitive-wrapper classes', TIMESTAMP '2019-04-25 14:12:05.058', 92),
(351, 'squid:S3066', '"enum" fields should not be publicly mutable', TIMESTAMP '2019-04-25 14:12:05.058', 31),
(352, 'squid:S1641', 'Sets with elements that are enum values should be replaced with EnumSet', TIMESTAMP '2019-04-25 14:12:05.058', 32),
(353, 'squid:S1449', 'Locale should be used in String operations', TIMESTAMP '2019-04-25 14:12:05.058', 96),
(354, 'squid:S3027', 'String function use should be optimized for single characters', TIMESTAMP '2019-04-25 14:12:05.058', 20),
(355, 'squid:S2177', 'Child class methods named for parent class methods should be overrides', TIMESTAMP '2019-04-25 14:12:05.058', 78),
(356, 'squid:S3038', 'Abstract methods should not be redundant', TIMESTAMP '2019-04-25 14:12:05.058', 84),
(357, 'squid:S3306', 'Constructor injection should be used instead of field injection', TIMESTAMP '2019-04-25 14:12:05.058', 224),
(358, 'squid:S2060', '"Externalizable" classes should have no-arguments constructors', TIMESTAMP '2019-04-25 14:12:05.058', 192),
(359, 'squid:S2637', '"@NonNull" values should not be set to null', TIMESTAMP '2019-04-25 14:12:05.058', 225),
(360, 'squid:S2062', '"readResolve" methods should be inheritable', TIMESTAMP '2019-04-25 14:12:05.058', 183),
(361, 'squid:S2189', 'Loops should not be infinite', TIMESTAMP '2019-04-25 14:12:05.058', 10),
(362, 'squid:S2140', 'Methods of "Random" that return floating point values should not be used in random integer generation', TIMESTAMP '2019-04-25 14:12:05.058', 98),
(363, 'squid:S899', 'Return values should not be ignored when they contain the operation status code', TIMESTAMP '2019-04-25 14:12:05.059', 65),
(364, 'squid:S2886', 'Getters and setters should be synchronized in pairs', TIMESTAMP '2019-04-25 14:12:05.059', 158),
(365, 'squid:S3020', '"toArray" should be passed an array of the proper type', TIMESTAMP '2019-04-25 14:12:05.059', 226),
(366, 'squid:S2141', 'Classes that don''t define "hashCode()" should not be used in hashes', TIMESTAMP '2019-04-25 14:12:05.059', 71),
(367, 'squid:S3631', '"Arrays.stream" should be used for primitive arrays', TIMESTAMP '2019-04-25 14:12:05.059', 227),
(368, 'squid:S3577', 'Test classes should comply with a naming convention', TIMESTAMP '2019-04-25 14:12:05.059', 57),
(369, 'squid:S3578', 'Test methods should comply with a naming convention', TIMESTAMP '2019-04-25 14:12:05.059', 57),
(370, 'squid:S3599', 'Double Brace Initialization should not be used', TIMESTAMP '2019-04-25 14:12:05.059', 228),
(371, 'squid:S2148', 'Underscores should be used to make large numbers readable', TIMESTAMP '2019-04-25 14:12:05.059', 12),
(372, 'squid:S3553', '"Optional" should not be used for parameters', TIMESTAMP '2019-04-25 14:12:05.059', 95),
(373, 'squid:S2789', '"null" should not be used with "Optional"', TIMESTAMP '2019-04-25 14:12:05.059', 95),
(374, 'squid:S3518', 'Zero should not be a possible denominator', TIMESTAMP '2019-04-25 14:12:05.059', 229),
(375, 'squid:S1450', 'Private fields only used as local variables in methods should become local variables', TIMESTAMP '2019-04-25 14:12:05.059', 65),
(376, 'squid:S3658', 'Unit tests should throw exceptions', TIMESTAMP '2019-04-25 14:12:05.059', 201),
(377, 'squid:S3655', 'Optional value should only be accessed after calling isPresent()', TIMESTAMP '2019-04-25 14:12:05.059', 95),
(378, 'squid:S1942', 'Simple class names should be used', TIMESTAMP '2019-04-25 14:12:05.059', 80),
(379, 'squid:S3437', 'Value-based objects should not be serialized', TIMESTAMP '2019-04-25 14:12:05.059', 214),
(380, 'squid:S3725', 'Java 8''s "Files.exists" should not be used', TIMESTAMP '2019-04-25 14:12:05.059', 203),
(381, 'squid:S1711', 'Standard functional interfaces should not be redefined', TIMESTAMP '2019-04-25 14:12:05.059', 86),
(382, 'squid:S2959', 'Unnecessary semicolons should be omitted', TIMESTAMP '2019-04-25 14:12:05.059', 50),
(383, 'squid:S3067', '"getClass" should not be used for synchronization', TIMESTAMP '2019-04-25 14:12:05.059', 158),
(384, 'squid:S2168', 'Double-checked locking should not be used', TIMESTAMP '2019-04-25 14:12:05.059', 150),
(385, 'squid:S3042', '"writeObject" should not be the only "synchronized" code in a class', TIMESTAMP '2019-04-25 14:12:05.059', 158),
(386, 'squid:S3046', '"wait" should not be called when multiple locks are held', TIMESTAMP '2019-04-25 14:12:05.059', 153),
(387, 'squid:S3030', 'Classes should not have too many "static" imports', TIMESTAMP '2019-04-25 14:12:05.059', 80),
(388, 'squid:S1820', 'Classes should not have too many fields', TIMESTAMP '2019-04-25 14:12:05.059', 53),
(389, 'squid:S3776', 'Cognitive Complexity of methods should not be too high', TIMESTAMP '2019-04-25 14:12:05.059', 230),
(390, 'squid:S2629', '"Preconditions" and logging arguments should not require evaluation', TIMESTAMP '2019-04-25 14:12:05.06', 91),
(391, 'squid:S3010', 'Static fields should not be updated in constructors', TIMESTAMP '2019-04-25 14:12:05.06', 83),
(392, 'squid:S1075', 'URIs should not be hardcoded', TIMESTAMP '2019-04-25 14:12:05.06', 117),
(393, 'squid:S2047', 'The names of methods with boolean return values should start with "is" or "has"', TIMESTAMP '2019-04-25 14:12:05.06', 65),
(394, 'squid:S3749', 'Members of Spring components should be injected', TIMESTAMP '2019-04-25 14:12:05.06', 173),
(395, 'squid:S3750', 'Spring "@Controller" classes should not use "@Scope"', TIMESTAMP '2019-04-25 14:12:05.06', 173),
(396, 'squid:S2390', 'Classes should not access their own subclasses during initialization', TIMESTAMP '2019-04-25 14:12:05.06', 78),
(397, 'squid:S3358', 'Ternary operators should not be nested', TIMESTAMP '2019-04-25 14:12:05.06', 41),
(398, 'squid:S3923', 'All branches in a conditional structure should not have exactly the same implementation', TIMESTAMP '2019-04-25 14:12:05.06', 7),
(399, 'squid:S3751', '"@RequestMapping" methods should be "public"', TIMESTAMP '2019-04-25 14:12:05.06', 234),
(400, 'squid:S1751', 'Loops with at most one iteration should be refactored', TIMESTAMP '2019-04-25 14:12:05.06', 10),
(401, 'squid:S3457', 'Printf-style format strings should be used correctly', TIMESTAMP '2019-04-25 14:12:05.06', 21),
(402, 'squid:S2589', 'Boolean expressions should not be gratuitous', TIMESTAMP '2019-04-25 14:12:05.06', 9),
(403, 'squid:S3984', 'Exception should not be created without being thrown', TIMESTAMP '2019-04-25 14:12:05.06', 75),
(404, 'squid:S3986', 'Week Year ("YYYY") should not be used for date formatting', TIMESTAMP '2019-04-25 14:12:05.06', 231),
(405, 'squid:S3985', 'Unused "private" classes should be removed', TIMESTAMP '2019-04-25 14:12:05.06', 50),
(406, 'squid:S3878', 'Arrays should not be created for varargs parameters', TIMESTAMP '2019-04-25 14:12:05.06', 68),
(407, 'squid:S3516', 'Methods returns should not be invariant', TIMESTAMP '2019-04-25 14:12:05.06', 65),
(408, 'squid:S2757', '"=+" should not be used instead of "+="', TIMESTAMP '2019-04-25 14:12:05.06', 8),
(409, 'squid:S4032', 'Packages containing only "package-info.java" should be removed', TIMESTAMP '2019-04-25 14:12:05.06', 53),
(410, 'squid:S4034', '"Stream" call chains should be simplified when possible', TIMESTAMP '2019-04-25 14:12:05.06', 227),
(411, 'squid:S4042', '"java.nio.Files#delete" should be preferred', TIMESTAMP '2019-04-25 14:12:05.06', 203),
(412, 'squid:S3254', 'Default annotation parameter values should not be passed as arguments', TIMESTAMP '2019-04-25 14:12:05.06', 77),
(413, 'squid:S2196', 'Switches should be used for sequences of simple "String" tests', TIMESTAMP '2019-04-25 14:12:05.06', 7),
(414, 'squid:S4065', '"ThreadLocal.withInitial" should be preferred', TIMESTAMP '2019-04-25 14:12:05.06', 151),
(415, 'squid:S3972', 'Conditionals should start on new lines', TIMESTAMP '2019-04-25 14:12:05.06', 50),
(416, 'squid:S3937', 'Number patterns should be regular', TIMESTAMP '2019-04-25 14:12:05.06', 12),
(417, 'squid:S3959', 'Consumed Stream pipelines should not be reused', TIMESTAMP '2019-04-25 14:12:05.06', 227),
(418, 'squid:S3958', 'Intermediate Stream methods should not be left unused', TIMESTAMP '2019-04-25 14:12:05.06', 227),
(419, 'squid:S2143', '"java.time" classes should be used for dates and times', TIMESTAMP '2019-04-25 14:12:05.06', 109),
(420, 'squid:S2211', 'Types should be used in lambdas', TIMESTAMP '2019-04-25 14:12:05.06', 111),
(421, 'squid:S2203', '"collect" should be used with "Streams" instead of "list::add"', TIMESTAMP '2019-04-25 14:12:05.06', 227),
(422, 'squid:S3436', 'Value-based classes should not be used for locking', TIMESTAMP '2019-04-25 14:12:05.06', 158),
(423, 'squid:S4142', 'Duplicate values should not be passed as arguments', TIMESTAMP '2019-04-25 14:12:05.06', 65),
(424, 'squid:S4143', 'Map values should not be replaced unconditionally', TIMESTAMP '2019-04-25 14:12:05.06', 28),
(425, 'squid:S4144', 'Methods should not have identical implementations', TIMESTAMP '2019-04-25 14:12:05.06', 50),
(426, 'squid:S4174', 'Local constants should follow naming conventions for constants', TIMESTAMP '2019-04-25 14:12:05.06', 57),
(427, 'squid:S4165', 'Assignments should not be redundant', TIMESTAMP '2019-04-25 14:12:05.06', 50),
(428, 'squid:S4087', '"close()" calls should not be redundant', TIMESTAMP '2019-04-25 14:12:05.06', 76),
(429, 'squid:S3981', 'Collection sizes and array length comparisons should make sense', TIMESTAMP '2019-04-25 14:12:05.06', 36),
(430, 'squid:S3824', '"Map.get" and value test should be replaced with single method call', TIMESTAMP '2019-04-25 14:12:05.06', 28),
(431, 'squid:S3242', 'Method parameters should be declared with base types', TIMESTAMP '2019-04-25 14:12:05.06', 65),
(432, 'squid:S3415', 'Assertion arguments should be passed in the correct order', TIMESTAMP '2019-04-25 14:12:05.06', 74),
(433, 'squid:S4288', 'Spring components should use constructor injection', TIMESTAMP '2019-04-25 14:12:05.06', 173),
(434, 'squid:S4348', '"iterator" should not return "this"', TIMESTAMP '2019-04-25 14:12:05.06', 23),
(435, 'squid:S4349', '"write(byte[],int,int)" should be overridden', TIMESTAMP '2019-04-25 14:12:05.061', 189),
(436, 'squid:S4347', '"SecureRandom" seeds should not be predictable', TIMESTAMP '2019-04-25 14:12:05.061', 110),
(437, 'squid:S4275', 'Getters and setters should access the expected fields', TIMESTAMP '2019-04-25 14:12:05.061', 232),
(438, 'squid:S4266', '"Stream.collect()" calls should not be redundant', TIMESTAMP '2019-04-25 14:12:05.061', 227),
(439, 'squid:S4351', '"compareTo" should not be overloaded', TIMESTAMP '2019-04-25 14:12:05.061', 106),
(440, 'squid:S126', '"if ... else if" constructs should end with "else" clauses', TIMESTAMP '2019-04-25 14:12:05.061', 9),
(441, 'squid:S1821', '"switch" statements should not be nested', TIMESTAMP '2019-04-25 14:12:05.061', 7),
(442, 'squid:S2761', 'Unary prefix operators should not be repeated', TIMESTAMP '2019-04-25 14:12:05.061', 233),
(443, 'squid:S4454', '"equals" method parameters should not be marked "@Nonnull"', TIMESTAMP '2019-04-25 14:12:05.061', 104),
(444, 'squid:S3366', '"this" should not be exposed from constructors', TIMESTAMP '2019-04-25 14:12:05.061', 155),
(445, 'squid:S4449', 'Nullness of parameters should be guaranteed', TIMESTAMP '2019-04-25 14:12:05.061', 255),
(446, 'squid:S4274', 'Asserts should not be used to check the parameters of a public method', TIMESTAMP '2019-04-25 14:12:05.061', 74),
(447, 'squid:S4276', 'Functional Interfaces should be as specialised as possible', TIMESTAMP '2019-04-25 14:12:05.061', 86),
(448, 'squid:S4248', 'Regex patterns should not be created needlessly', TIMESTAMP '2019-04-25 14:12:05.061', 19),
(449, 'squid:S3626', 'Jump statements should not be redundant', TIMESTAMP '2019-04-25 14:12:05.061', 25),
(450, 'squid:S3510', '"HostnameVerifier.verify" should not always return true', TIMESTAMP '2019-04-25 14:12:05.061', 117),
(451, 'squid:S4423', 'Weak SSL protocols should not be used', TIMESTAMP '2019-04-25 14:12:05.061', 143),
(452, 'squid:S4201', 'Null checks should not be used with "instanceof"', TIMESTAMP '2019-04-25 14:12:05.061', 103),
(453, 'squid:S2234', 'Parameters should be passed in the correct order', TIMESTAMP '2019-04-25 14:12:05.061', 53),
(454, 'squid:S4524', '"default" clauses should be last', TIMESTAMP '2019-04-25 14:12:05.061', 53),
(455, 'squid:S4499', 'SMTP SSL connection should check server identity', TIMESTAMP '2019-04-25 14:12:05.061', 143),
(456, 'squid:S3973', 'A conditionally executed single line should be denoted by indentation', TIMESTAMP '2019-04-25 14:12:05.061', 60),
(457, 'squid:S2755', 'Untrusted XML should be parsed with a local, static DTD', TIMESTAMP '2019-04-25 14:12:05.061', 124),
(458, 'squid:S4432', 'AES encryption algorithm should be used with secured mode', TIMESTAMP '2019-04-25 14:12:05.061', 170),
(459, 'squid:S4433', 'LDAP connections should be authenticated', TIMESTAMP '2019-04-25 14:12:05.061', 127),
(460, 'squid:S2255', 'Using cookies is security-sensitive', TIMESTAMP '2019-04-25 14:12:05.061', 139),
(461, 'squid:S4434', 'LDAP deserialization should be disabled', TIMESTAMP '2019-04-25 14:12:05.061', 127),
(462, 'squid:S4435', 'XML transformers should be secured', TIMESTAMP '2019-04-25 14:12:05.061', 124),
(463, 'squid:S3330', '"HttpOnly" should be set on cookies', TIMESTAMP '2019-04-25 14:12:05.061', 139),
(464, 'squid:S4425', '"Integer.toHexString" should not be used to build hexadecimal strings', TIMESTAMP '2019-04-25 14:12:05.061', 247),
(465, 'squid:S4426', 'Cryptographic keys should not be too short', TIMESTAMP '2019-04-25 14:12:05.061', 161),
(466, 'squid:S4424', 'TrustManagers should not blindly accept any certificates', TIMESTAMP '2019-04-25 14:12:05.061', 165),
(467, 'squid:S3329', 'Cypher Block Chaining IV''s should be random and unique', TIMESTAMP '2019-04-25 14:12:05.061', 160),
(468, 'squid:S2091', 'XPath expressions should not be vulnerable to injection attacks', TIMESTAMP '2019-04-25 14:12:05.061', 168),
(469, 'squid:S2083', 'I/O function calls should not be vulnerable to path injection attacks', TIMESTAMP '2019-04-25 14:12:05.061', 168),
(470, 'squid:S3649', 'SQL queries should not be vulnerable to injection attacks', TIMESTAMP '2019-04-25 14:12:05.061', 209),
(471, 'squid:S2631', 'Regular expressions should not be vulnerable to Denial of Service attacks', TIMESTAMP '2019-04-25 14:12:05.061', 246),
(472, 'squid:S4488', 'Composed "@RequestMapping" variants should be preferred', TIMESTAMP '2019-04-25 14:12:05.061', 234),
(473, 'squid:S4605', 'Spring beans should be considered by "@ComponentScan"', TIMESTAMP '2019-04-25 14:12:05.061', 178),
(474, 'squid:S4603', '"@Import"s should be preferred to "@ComponentScan"s', TIMESTAMP '2019-04-25 14:12:05.062', 178),
(475, 'squid:S4604', '"@EnableAutoConfiguration" should be fine-tuned', TIMESTAMP '2019-04-25 14:12:05.062', 177),
(476, 'squid:S3753', '"@Controller" classes that use "@SessionAttributes" must call "setComplete" on their "SessionStatus" objects', TIMESTAMP '2019-04-25 14:12:05.062', 173),
(477, 'squid:S4601', '"HttpSecurity" URL patterns should be correctly ordered', TIMESTAMP '2019-04-25 14:12:05.062', 175),
(478, 'squid:S3752', '"@RequestMapping" methods should specify HTTP method', TIMESTAMP '2019-04-25 14:12:05.062', 234),
(479, 'squid:S4602', '"@SpringBootApplication" and "@ComponentScan" should not be used in the default package', TIMESTAMP '2019-04-25 14:12:05.062', 178),
(480, 'squid:S4551', 'Enum values should be compared with "=="', TIMESTAMP '2019-04-25 14:12:05.062', 31),
(481, 'squid:S4684', 'Persistent entities should not be used as arguments of "@RequestMapping" methods', TIMESTAMP '2019-04-25 14:12:05.062', 174),
(482, 'squid:S3305', 'Factory method injection should be used in "@Configuration" classes', TIMESTAMP '2019-04-25 14:12:05.062', 235),
(483, 'squid:S4635', 'String offset-based methods should be preferred for finding substrings from offsets', TIMESTAMP '2019-04-25 14:12:05.062', 236),
(484, 'squid:S4507', 'Delivering code in production with debug features activated is security-sensitive', TIMESTAMP '2019-04-25 14:12:05.062', 175),
(485, 'squid:S4502', 'Disabling Spring Security''s CSRF protection is security-sensitive', TIMESTAMP '2019-04-25 14:12:05.062', 175),
(486, 'squid:S2229', 'Methods should not call same-class methods with incompatible "@Transactional" values', TIMESTAMP '2019-04-25 14:12:05.062', 173),
(487, 'squid:S3439', '"DefaultMessageListenerContainer" instances should not drop messages during restarts', TIMESTAMP '2019-04-25 14:12:05.062', 237),
(488, 'squid:S4544', 'Using unsafe Jackson deserialization configuration is security-sensitive', TIMESTAMP '2019-04-25 14:12:05.062', 125),
(489, 'squid:S4510', 'Deserializing XML from an untrusted source is security-sensitive', TIMESTAMP '2019-04-25 14:12:05.062', 238),
(490, 'squid:S4508', 'Deserializing objects from an untrusted source is security-sensitive', TIMESTAMP '2019-04-25 14:12:05.062', 239),
(491, 'squid:S4529', 'Exposing HTTP endpoints is security-sensitive', TIMESTAMP '2019-04-25 14:12:05.062', 234),
(492, 'squid:S3011', 'Changing or bypassing accessibility is security-sensitive', TIMESTAMP '2019-04-25 14:12:05.062', 107),
(493, 'squid:S4721', 'Executing OS commands is security-sensitive', TIMESTAMP '2019-04-25 14:12:05.062', 213),
(494, 'squid:S4512', 'Setting JavaBean properties is security-sensitive', TIMESTAMP '2019-04-25 14:12:05.062', 128),
(495, 'squid:S2119', '"Random" objects should be reused', TIMESTAMP '2019-04-25 14:12:05.062', 98),
(496, 'squid:S4531', 'Using setters in Struts 2 ActionSupport is security-sensitive', TIMESTAMP '2019-04-25 14:12:05.062', 197),
(497, 'squid:S4530', 'Using Struts 1 ActionForm is security-sensitive', TIMESTAMP '2019-04-25 14:12:05.062', 194),
(498, 'squid:S2115', 'Databases should be password-protected', TIMESTAMP '2019-04-25 14:12:05.062', 240),
(499, 'squid:S3065', 'Min and max used in combination should not always return the same value', TIMESTAMP '2019-04-25 14:12:05.062', 89),
(500, 'squid:S3078', '"volatile" variables should not be used with compound operators', TIMESTAMP '2019-04-25 14:12:05.062', 150),
(501, 'squid:S3077', 'Non-primitive fields should not be "volatile"', TIMESTAMP '2019-04-25 14:12:05.062', 150),
(502, 'squid:S3014', '"ThreadGroup" should not be used', TIMESTAMP '2019-04-25 14:12:05.062', 241),
(503, 'squid:S3032', 'JEE applications should not "getClassLoader"', TIMESTAMP '2019-04-25 14:12:05.062', 151),
(504, 'squid:S4834', 'Controlling permissions is security-sensitive', TIMESTAMP '2019-04-25 14:12:05.062', 175),
(505, 'squid:S4719', '"StandardCharsets" constants should be preferred', TIMESTAMP '2019-04-25 14:12:05.062', 14),
(506, 'squid:S4838', 'An iteration on a Collection should be performed on the type handled by the Collection', TIMESTAMP '2019-04-25 14:12:05.062', 23),
(507, 'squid:S3864', '"Stream.peek" should be used with caution', TIMESTAMP '2019-04-25 14:12:05.062', 227),
(508, 'squid:S4825', 'Sending HTTP requests is security-sensitive', TIMESTAMP '2019-04-25 14:12:05.062', 234),
(509, 'squid:S4823', 'Using command line arguments is security-sensitive', TIMESTAMP '2019-04-25 14:12:05.062', 242),
(510, 'squid:S4829', 'Reading the Standard Input is security-sensitive', TIMESTAMP '2019-04-25 14:12:05.062', 185),
(511, 'squid:S4738', 'Java 8 features should be preferred to Guava', TIMESTAMP '2019-04-25 14:12:05.062', 243),
(512, 'squid:S1523', 'Dynamically executing code is security-sensitive', TIMESTAMP '2019-04-25 14:12:05.062', 244),
(513, 'squid:S3822', 'Hibernate should not update database schemas', TIMESTAMP '2019-04-25 14:12:05.062', 133),
(514, 'squid:S4818', 'Using Sockets is security-sensitive', TIMESTAMP '2019-04-25 14:12:05.062', 131),
(515, 'squid:S4817', 'Executing XPath expressions is security-sensitive', TIMESTAMP '2019-04-25 14:12:05.062', 184),
(516, 'squid:S4925', '"Class.forName()" should not load JDBC 4.0+ drivers', TIMESTAMP '2019-04-25 14:12:05.062', 122),
(517, 'squid:S4929', '"read(byte[],int,int)" should be overridden', TIMESTAMP '2019-04-25 14:12:05.062', 188),
(518, 'squid:S4926', '"serialVersionUID" should not be declared blindly', TIMESTAMP '2019-04-25 14:12:05.062', 216),
(519, 'squid:S4792', 'Configuring loggers is security-sensitive', TIMESTAMP '2019-04-25 14:12:05.063', 91),
(520, 'squid:S4790', 'Hashing data is security-sensitive', TIMESTAMP '2019-04-25 14:12:05.063', 163),
(521, 'squid:S2139', 'Exceptions should be either logged or rethrown but not both', TIMESTAMP '2019-04-25 14:12:05.063', 205),
(522, 'squid:S4797', 'Handling files is security-sensitive', TIMESTAMP '2019-04-25 14:12:05.063', 203),
(523, 'squid:S4784', 'Using regular expressions is security-sensitive', TIMESTAMP '2019-04-25 14:12:05.063', 19),
(524, 'squid:S4787', 'Encrypting data is security-sensitive', TIMESTAMP '2019-04-25 14:12:05.063', 166),
(525, 'squid:S4682', '"@CheckForNull" or "@Nullable" should not be used on primitive types', TIMESTAMP '2019-04-25 14:12:05.063', 2),
(526, 'squid:S4517', 'InputSteam.read() implementation should not return a signed byte', TIMESTAMP '2019-04-25 14:12:05.063', 188),
(527, 'squid:S2689', 'Files opened in append mode should not be used with ObjectOutputStream', TIMESTAMP '2019-04-25 14:12:05.063', 189),
(528, 'squid:S5042', 'Expanding archive files is security-sensitive', TIMESTAMP '2019-04-25 14:12:05.063', 186),
(529, 'squid:S4973', 'Strings and Boxed types should be compared using "equals()"', TIMESTAMP '2019-04-25 14:12:05.063', 104),
(530, 'squid:S3551', 'Overrides should match their parent class methods in synchronization', TIMESTAMP '2019-04-25 14:12:05.063', 158),
(531, 'squid:S5122', 'Enabling Cross-Origin Resource Sharing is security-sensitive', TIMESTAMP '2019-04-25 14:12:05.063', 142),
(532, 'squid:S2647', 'Basic authentication should not be used', TIMESTAMP '2019-04-25 14:12:05.063', 162),
(533, 'squid:S3331', 'Cookie domains should be as narrow as possible', TIMESTAMP '2019-04-25 14:12:05.063', 139),
(534, 'squid:S5144', 'Server-side requests should not be vulnerable to forging attacks', TIMESTAMP '2019-04-25 14:12:05.063', 171),
(535, 'squid:S5145', 'Logging should not be vulnerable to injection attacks', TIMESTAMP '2019-04-25 14:12:05.063', 168),
(536, 'squid:S5146', 'HTTP request redirections should not be open to forging attacks', TIMESTAMP '2019-04-25 14:12:05.063', 171),
(537, 'squid:S5131', 'Endpoints should not be vulnerable to reflected cross-site scripting (XSS) attacks', TIMESTAMP '2019-04-25 14:12:05.063', 245),
(538, 'squid:S5167', 'HTTP response headers should not be vulnerable to injection attacks', TIMESTAMP '2019-04-25 14:12:05.063', 168),
(539, 'squid:S5128', '"Bean Validation" (JSR 380) should be properly configured', TIMESTAMP '2019-04-25 14:12:05.063', 168),
(540, 'squid:S5194', 'Use Java 12 "switch" expression', TIMESTAMP '2019-04-25 14:12:05.063', 7);

-- INSERT INTO Sonar_Rule(rule_name,rule_key,user_skill_id, added_at) VALUES 
-- ('Public types, methods and fields (API) should be documented with Javadoc','squid:UndocumentedApi',4,'2019-04-25 14:12:05.048'),
-- ('Branches should have sufficient coverage by tests','common-java:InsufficientBranchCoverage',201,'2019-04-25 14:12:05.048'),
-- ('Lines should have sufficient coverage by tests','common-java:InsufficientLineCoverage',2011,'2019-04-25 14:12:05.048'),
-- ('Methods should not be too complex','squid:MethodCyclomaticComplexity',50,'2019-04-25 14:12:05.048'),
-- ('"@Deprecated" code should not be used','squid:CallToDeprecatedMethod',58,'2019-04-25 14:12:05.048'),
-- ('Source files should have a sufficient density of comment lines','common-java:InsufficientCommentDensity',61,'2019-04-25 14:12:05.049'),
-- ('Failed unit tests should be fixed','common-java:FailedUnitTests',202,'2019-04-25 14:12:05.049'),
-- ('"deleteOnExit" should not be used','squid:CallToFileDeleteOnExitMethod',203,'2019-04-25 14:12:05.049'),
-- ('Sections of code should not be commented out','squid:CommentedOutCodeLine',61,'2019-04-25 14:12:05.049'),
-- ('Skipped unit tests should be either removed or fixed','common-java:SkippedUnitTests',201,'2019-04-25 14:12:05.049'),
-- ('Unused "private" methods should be removed','squid:UnusedPrivateMethod',50,'2019-04-25 14:12:05.049'),
-- ('Source files should not have any duplicated blocks','common-java:DuplicatedBlocks',53,'2019-04-25 14:12:05.049'),
-- ('Track uses of "NOSONAR" comments','squid:NoSonar',61,'2019-04-25 14:12:05.049'),
-- ('Files should not be empty','squid:EmptyFile',50,'2019-04-25 14:12:05.049'),
-- ('Inheritance tree of classes should not be too deep','squid:MaximumInheritanceDepth',78,'2019-04-25 14:12:05.049'),
-- ('Java parser failure','squid:ParsingError',115,'2019-04-25 14:12:05.049'),
-- ('Classes should not be too complex','squid:ClassCyclomaticComplexity',75,'2019-04-25 14:12:05.049'),
-- ('Lines should not be too long','squid:S00103',60,'2019-04-25 14:12:05.049'),
-- ('Generic exceptions should never be thrown','squid:S00112',75,'2019-04-25 14:12:05.049'),
-- ('Package names should comply with a naming convention','squid:S00120',57,'2019-04-25 14:12:05.049'),
-- ('Local variable and method parameter names should comply with a naming convention','squid:S00117',57,'2019-04-25 14:12:05.049'),
-- ('Statements should be on separate lines','squid:S00122',9,'2019-04-25 14:12:05.049'),
-- ('Field names should comply with a naming convention','squid:S00116',57,'2019-04-25 14:12:05.049'),
-- ('Methods should not have too many parameters','squid:S00107',50,'2019-04-25 14:12:05.049'),
-- ('Abstract class names should comply with a naming convention','squid:S00118',57,'2019-04-25 14:12:05.049'),
-- ('Method names should comply with a naming convention','squid:S00100',57,'2019-04-25 14:12:05.049'),
-- ('Files should not have too many lines of code','squid:S00104',60,'2019-04-25 14:12:05.049'),
-- ('Files should contain an empty newline at the end','squid:S00113',53,'2019-04-25 14:12:05.049'),
-- ('Tabulation characters should not be used','squid:S00105',53,'2019-04-25 14:12:05.049'),
-- ('Class names should comply with a naming convention','squid:S00101',57,'2019-04-25 14:12:05.049'),
-- ('Interface names should comply with a naming convention','squid:S00114',57,'2019-04-25 14:12:05.049'),
-- ('Nested blocks of code should not be left empty','squid:S00108',50,'2019-04-25 14:12:05.049'),
-- ('Type parameter names should comply with a naming convention','squid:S00119',57,'2019-04-25 14:12:05.049'),
-- ('Constant names should comply with a naming convention','squid:S00115',57,'2019-04-25 14:12:05.049'),
-- ('Control structures should use curly braces','squid:S00121',9,'2019-04-25 14:12:05.049'),
-- ('Jump statements should not occur in "finally" blocks','squid:S1143',67,'2019-04-25 14:12:05.049'),
-- ('The Object.finalize() method should not be called','squid:ObjectFinalizeCheck',114,'2019-04-25 14:12:05.049'),
-- ('Loops should not contain more than a single "break" or "continue" statement','squid:S135',10,'2019-04-25 14:12:05.049'),
-- ('Throwable.printStackTrace(...) should not be called','squid:S1148',75,'2019-04-25 14:12:05.049'),
-- ('Throwable and Error should not be caught','squid:S1181',99,'2019-04-25 14:12:05.049'),
-- ('"super.finalize()" should be called at the end of "Object.finalize()" implementations','squid:ObjectFinalizeOverridenCallsSuperFinalizeCheck',114,'2019-04-25 14:12:05.049'),
-- ('Classes that override "clone" should be "Cloneable" and call "super.clone()"','squid:S1182',105,'2019-04-25 14:12:05.05'),
-- ('"switch case" clauses should not have too many lines of code','squid:S1151',7,'2019-04-25 14:12:05.05'),
-- ('Methods should not have too many lines','squid:S138',60,'2019-04-25 14:12:05.05'),
-- ('Collection.isEmpty() should be used to test for emptiness','squid:S1155',36,'2019-04-25 14:12:05.05'),
-- ('Standard outputs should not be used directly to log anything','squid:S106',204,'2019-04-25 14:12:05.05'),
-- ('An open curly brace should be located at the end of a line','squid:LeftCurlyBraceEndLineCheck',53,'2019-04-25 14:12:05.05'),
-- ('Modifiers should be declared in the correct order','squid:ModifiersOrderCheck',53,'2019-04-25 14:12:05.05'),
-- ('Classes from "sun.*" packages should not be used','squid:S1191',3,'2019-04-25 14:12:05.05'),
-- ('The default unnamed package should not be used','squid:S1220',3,'2019-04-25 14:12:05.05'),
-- ('Boolean literals should not be redundant','squid:S1125',11,'2019-04-25 14:12:05.05'),
-- ('Strings literals should be placed on the left side when checking for equality','squid:S1132',17,'2019-04-25 14:12:05.05'),
-- ('Deprecated code should be removed','squid:S1133',58,'2019-04-25 14:12:05.05'),
-- ('Array designators "[]" should be on the type, not the variable','squid:S1197',26,'2019-04-25 14:12:05.05'),
-- ('String literals should not be duplicated','squid:S1192',17,'2019-04-25 14:12:05.05'),
-- ('"java.lang.Error" should not be extended','squid:S1194',99,'2019-04-25 14:12:05.05'),
-- ('Close curly brace and the next "else", "catch" and "finally" keywords should be located on the same line','squid:RightCurlyBraceSameLineAsNextBlockCheck',53,'2019-04-25 14:12:05.05'),
-- ('Source code should be indented consistently','squid:IndentationCheck',53,'2019-04-25 14:12:05.05'),
-- ('Exception classes should be immutable','squid:S1165',205,'2019-04-25 14:12:05.05'),
-- ('Empty arrays and collections should be returned instead of null','squid:S1168',36,'2019-04-25 14:12:05.05'),
-- ('Overriding methods should do more than simply call the same method in the super class','squid:S1185',78,'2019-04-25 14:12:05.05'),
-- ('Collapsible "if" statements should be merged','squid:S1066',9,'2019-04-25 14:12:05.05'),
-- ('Only static class initializers should be used','squid:S1171',13,'2019-04-25 14:12:05.05'),
-- ('The signature of "finalize()" should match that of "Object.finalize()"','squid:S1175',114,'2019-04-25 14:12:05.05'),
-- ('Synchronized classes Vector, Hashtable, Stack and StringBuffer should not be used','squid:S1149',206,'2019-04-25 14:12:05.05'),
-- ('Methods should not have too many return statements','squid:S1142',65,'2019-04-25 14:12:05.05'),
-- ('Switch cases should end with an unconditional "break" statement','squid:S128',7,'2019-04-25 14:12:05.05'),
-- ('Local variables should not shadow class fields','squid:HiddenFieldCheck',60,'2019-04-25 14:12:05.05'),
-- ('Exception handlers should preserve the original exceptions','squid:S1166',205,'2019-04-25 14:12:05.05'),
-- ('Return of boolean expressions should not be wrapped into an "if-then-else" statement','squid:S1126',65,'2019-04-25 14:12:05.05'),
-- ('"Object.finalize()" should remain protected (versus public) when overriding','squid:S1174',114,'2019-04-25 14:12:05.05'),
-- ('Methods should not be named "tostring", "hashcode" or "equal"','squid:S1221',56,'2019-04-25 14:12:05.05'),
-- ('Redundant pairs of parentheses should be removed','squid:UselessParenthesesCheck',50,'2019-04-25 14:12:05.05'),
-- ('An open curly brace should be located at the beginning of a line','squid:LeftCurlyBraceStartLineCheck',53,'2019-04-25 14:12:05.05'),
-- ('Comments should not be located at the end of lines of code','squid:TrailingCommentCheck',61,'2019-04-25 14:12:05.05'),
-- ('Primitive wrappers should not be instantiated only for "toString" or "compareTo" calls','squid:S1158',92,'2019-04-25 14:12:05.05'),
-- ('Unnecessary imports should be removed','squid:UselessImportCheck',80,'2019-04-25 14:12:05.05'),
-- ('Track uses of "FIXME" tags','squid:S1134',55,'2019-04-25 14:12:05.05'),
-- ('Class variable fields should not have public accessibility','squid:ClassVariableVisibilityCheck',5,'2019-04-25 14:12:05.05'),
-- ('Useless "if(true) {...}" and "if(false){...}" blocks should be removed','squid:S1145',9,'2019-04-25 14:12:05.051'),
-- ('Exit methods should not be called','squid:S1147',152,'2019-04-25 14:12:05.051'),
-- ('Track uses of "TODO" tags','squid:S1135',54,'2019-04-25 14:12:05.051'),
-- ('Enumeration should not be implemented','squid:S1150',81,'2019-04-25 14:12:05.051'),
-- ('The Object.finalize() method should not be overriden','squid:ObjectFinalizeOverridenCheck',114,'2019-04-25 14:12:05.051'),
-- ('Close curly brace and the next "else", "catch" and "finally" keywords should be on two different lines','squid:RightCurlyBraceDifferentLineAsNextBlockCheck',53,'2019-04-25 14:12:05.051'),
-- ('"throws" declarations should not be superfluous','squid:RedundantThrowsDeclarationCheck',75,'2019-04-25 14:12:05.051'),
-- ('Future keywords should not be used as names','squid:S1190',66,'2019-04-25 14:12:05.051'),
-- ('Exception types should not be tested using "instanceof" in catch blocks','squid:S1193',67,'2019-04-25 14:12:05.051'),
-- ('Array designators "[]" should be located after the type in method signatures','squid:S1195',65,'2019-04-25 14:12:05.051'),
-- ('Nested code blocks should not be used','squid:S1199',53,'2019-04-25 14:12:05.051'),
-- ('Deprecated elements should have both the annotation and the Javadoc tag','squid:MissingDeprecatedCheck',58,'2019-04-25 14:12:05.051'),
-- ('Control flow statements "if", "for", "while", "switch" and "try" should not be nested too deeply','squid:S134',53,'2019-04-25 14:12:05.051'),
-- ('A close curly brace should be located at the beginning of a line','squid:RightCurlyBraceStartLineCheck',53,'2019-04-25 14:12:05.051'),
-- ('"equals" method overrides should accept "Object" parameters','squid:S1201',104,'2019-04-25 14:12:05.051'),
-- ('Execution of the Garbage Collector should be triggered only by the JVM','squid:S1215',100,'2019-04-25 14:12:05.051'),
-- ('Constants should not be defined in interfaces','squid:S1214',81,'2019-04-25 14:12:05.051'),
-- ('Public methods should throw at most one checked exception','squid:S1160',75,'2019-04-25 14:12:05.051'),
-- ('Exceptions should not be thrown in finally blocks','squid:S1163',205,'2019-04-25 14:12:05.051'),
-- ('Labels should not be used','squid:LabelsShouldNotBeUsedCheck',24,'2019-04-25 14:12:05.051'),
-- ('String.valueOf() should not be appended to a String','squid:S1153',207,'2019-04-25 14:12:05.051'),
-- ('Case insensitive string comparisons should be made without intermediate upper or lower casing','squid:S1157',104,'2019-04-25 14:12:05.051'),
-- ('Methods should not be empty','squid:S1186',65,'2019-04-25 14:12:05.051'),
-- ('Expressions should not be too complex','squid:S1067',9,'2019-04-25 14:12:05.051'),
-- ('Lambdas and anonymous classes should not have too many lines of code','squid:S1188',111,'2019-04-25 14:12:05.051'),
-- ('Public constants and fields initialized at declaration should be "static final" rather than merely "final"','squid:S1170',30,'2019-04-25 14:12:05.051'),
-- ('Utility classes should not have public constructors','squid:S1118',83,'2019-04-25 14:12:05.051'),
-- ('Try-catch blocks should not be nested','squid:S1141',67,'2019-04-25 14:12:05.051'),
-- ('"for" loop stop conditions should be invariant','squid:ForLoopCounterChangedCheck',10,'2019-04-25 14:12:05.051'),
-- ('Assignments should not be made from within sub-expressions','squid:AssignmentInSubExpressionCheck',222,'2019-04-25 14:12:05.051'),
-- ('"switch" statements should have "default" clauses','squid:SwitchLastCaseIsDefaultCheck',7,'2019-04-25 14:12:05.051'),
-- ('Empty statements should be removed','squid:EmptyStatementUsageCheck',50,'2019-04-25 14:12:05.051'),
-- ('"Thread.run()" should not be called directly','squid:S1217',151,'2019-04-25 14:12:05.051'),
-- ('Track uses of "NOPMD" suppression comments','squid:S1310',51,'2019-04-25 14:12:05.051'),
-- ('"equals(Object obj)" and "hashCode()" should be overridden in pairs','squid:S1206',104,'2019-04-25 14:12:05.051'),
-- ('Classes should not be coupled to too many other classes (Single Responsibility Principle)','squid:S1200',50,'2019-04-25 14:12:05.052'),
-- ('Non-constructor methods should not have the same name as the enclosing class','squid:S1223',56,'2019-04-25 14:12:05.052'),
-- ('Using hardcoded IP addresses is security-sensitive','squid:S1313',121,'2019-04-25 14:12:05.052'),
-- ('Loggers should be "private static final" and should share a naming convention','squid:S1312',91,'2019-04-25 14:12:05.052'),
-- ('Track uses of "CHECKSTYLE:OFF" suppression comments','squid:S1315',50,'2019-04-25 14:12:05.052'),
-- ('Declarations should use Java collection interfaces such as "List" rather than specific implementation classes such as "LinkedList"','squid:S1319',208,'2019-04-25 14:12:05.052'),
-- ('"equals(Object obj)" should be overridden along with the "compareTo(T obj)" method','squid:S1210',113,'2019-04-25 14:12:05.052'),
-- ('Octal values should not be used','squid:S1314',15,'2019-04-25 14:12:05.052'),
-- ('"switch" statements should not contain non-case labels','squid:S1219',7,'2019-04-25 14:12:05.052'),
-- ('"switch" statements should have at least 3 "case" clauses','squid:S1301',7,'2019-04-25 14:12:05.052'),
-- ('Method parameters, caught exceptions and foreach variables'' initial values should not be ignored','squid:S1226',67,'2019-04-25 14:12:05.052'),
-- ('Track lack of copyright and license headers','squid:S1451',50,'2019-04-25 14:12:05.052'),
-- ('Unused local variables should be removed','squid:S1481',50,'2019-04-25 14:12:05.052'),
-- ('Increment (++) and decrement (--) operators should not be used in a method call or mixed with other operators in an expression','squid:S881',8,'2019-04-25 14:12:05.052'),
-- ('"public static" fields should be constant','squid:S1444',30,'2019-04-25 14:12:05.052'),
-- ('Unused "private" fields should be removed','squid:S1068',50,'2019-04-25 14:12:05.052'),
-- ('Generic wildcard types should not be used in return parameters','squid:S1452',94,'2019-04-25 14:12:05.052'),
-- ('"StringBuilder" and "StringBuffer" should not be instantiated with a character','squid:S1317',18,'2019-04-25 14:12:05.052'),
-- ('Local variables should not be declared and then immediately returned or thrown','squid:S1488',50,'2019-04-25 14:12:05.052'),
-- ('"Collections.EMPTY_LIST", "EMPTY_MAP", and "EMPTY_SET" should not be used','squid:S1596',85,'2019-04-25 14:12:05.052'),
-- ('Lamdbas containing only one statement should not nest this statement in a block','squid:S1602',111,'2019-04-25 14:12:05.052'),
-- ('Parentheses should be removed from a single lambda input parameter when its type is inferred','squid:S1611',111,'2019-04-25 14:12:05.052'),
-- ('The members of an interface or class declaration should appear in a pre-defined order','squid:S1213',53,'2019-04-25 14:12:05.052'),
-- ('Anonymous inner classes containing only one method should become lambdas','squid:S1604',111,'2019-04-25 14:12:05.052'),
-- ('Abstract classes without fields should be converted to interfaces','squid:S1610',84,'2019-04-25 14:12:05.052'),
-- ('"==" and "!=" should not be used when "equals" is overridden','squid:S1698',104,'2019-04-25 14:12:05.052'),
-- ('@FunctionalInterface annotation should be used to flag Single Abstract Method interfaces','squid:S1609',86,'2019-04-25 14:12:05.052'),
-- ('A field should not duplicate the name of its containing class','squid:S1700',56,'2019-04-25 14:12:05.052'),
-- ('Strings should not be concatenated using ''+'' in a loop','squid:S1643',10,'2019-04-25 14:12:05.052'),
-- ('Unused method parameters should be removed','squid:S1172',50,'2019-04-25 14:12:05.052'),
-- ('"NullPointerException" should not be caught','squid:S1696',205,'2019-04-25 14:12:05.052'),
-- ('Magic numbers should not be used','squid:S109',50,'2019-04-25 14:12:05.052'),
-- ('An abstract class should have both abstract and concrete methods','squid:S1694',84,'2019-04-25 14:12:05.052'),
-- ('Package declaration should match source file directory','squid:S1598',3,'2019-04-25 14:12:05.052'),
-- ('Annotation repetitions should not be wrapped','squid:S1710',73,'2019-04-25 14:12:05.052'),
-- ('Short-circuit logic should be used to prevent null pointer dereferences in conditionals','squid:S1697',39,'2019-04-25 14:12:05.052'),
-- ('"NullPointerException" should not be explicitly thrown','squid:S1695',205,'2019-04-25 14:12:05.052'),
-- ('Related "if/else if" statements should not have the same condition','squid:S1862',9,'2019-04-25 14:12:05.053'),
-- ('Variables should not be self-assigned','squid:S1656',50,'2019-04-25 14:12:05.053'),
-- ('Lambdas should be replaced with method references','squid:S1612',111,'2019-04-25 14:12:05.053'),
-- ('Member variable visibility should be specified','squid:S2039',5,'2019-04-25 14:12:05.053'),
-- ('Fields in a "Serializable" class should either be transient or serializable','squid:S1948',191,'2019-04-25 14:12:05.053'),
-- ('"@Override" should be used on overriding and implementing methods','squid:S1161',73,'2019-04-25 14:12:05.053'),
-- ('Identical expressions should not be used on both sides of a binary operator','squid:S1764',8,'2019-04-25 14:12:05.053'),
-- ('The ternary operator should not be used','squid:S1774',41,'2019-04-25 14:12:05.053'),
-- ('"for" loop increment clauses should modify the loops'' counters','squid:S1994',10,'2019-04-25 14:12:05.053'),
-- ('Executing SQL queries is security-sensitive','squid:S2077',209,'2019-04-25 14:12:05.053'),
-- ('Classes should not be empty','squid:S2094',50,'2019-04-25 14:12:05.053'),
-- ('Packages should have a javadoc file ''package-info.java''','squid:S1228',4,'2019-04-25 14:12:05.053'),
-- ('Two branches in a conditional structure should not have exactly the same implementation','squid:S1871',7,'2019-04-25 14:12:05.053'),
-- ('"switch" statements should not have too many "case" clauses','squid:S1479',60,'2019-04-25 14:12:05.053'),
-- ('Floating point numbers should not be tested for equality','squid:S1244',6,'2019-04-25 14:12:05.053'),
-- ('"instanceof" operators that always return "true" or "false" should be removed','squid:S1850',103,'2019-04-25 14:12:05.053'),
-- ('Redundant casts should not be used','squid:S1905',101,'2019-04-25 14:12:05.053'),
-- ('Collections should not be passed as arguments to their own methods','squid:S2114',36,'2019-04-25 14:12:05.053'),
-- ('Servlets should not have mutable instance fields','squid:S2226',50,'2019-04-25 14:12:05.053'),
-- ('Methods "wait(...)", "notify()" and "notifyAll()" should not be called on Thread instances','squid:S2236',157,'2019-04-25 14:12:05.053'),
-- ('"main" should not "throw" anything','squid:S2096',75,'2019-04-25 14:12:05.053'),
-- ('"toString()" and "clone()" methods should not return null','squid:S2225',105,'2019-04-25 14:12:05.053'),
-- ('Creating cookies without the "secure" flag is security-sensitive','squid:S2092',139,'2019-04-25 14:12:05.053'),
-- ('Collection methods with O(n) performance should be used carefully','squid:S2250',208,'2019-04-25 14:12:05.053'),
-- ('"ResultSet.isLast()" should not be used','squid:S2232',130,'2019-04-25 14:12:05.053'),
-- ('"Object.wait(...)" should never be called on objects that implement "java.util.concurrent.locks.Condition"','squid:S1844',153,'2019-04-25 14:12:05.053'),
-- ('A "for" loop update clause should move the counter in the right direction','squid:S2251',10,'2019-04-25 14:12:05.053'),
-- ('Return values from functions without side effects should not be ignored','squid:S2201',65,'2019-04-25 14:12:05.053'),
-- ('Equality operators should not be used in "for" loop termination conditions','squid:S888',10,'2019-04-25 14:12:05.053'),
-- ('Using pseudorandom number generators (PRNGs) is security-sensitive','squid:S2245',110,'2019-04-25 14:12:05.053'),
-- ('IllegalMonitorStateException should not be caught','squid:S2235',157,'2019-04-25 14:12:05.053'),
-- ('HTTP referers should not be relied on','squid:S2089',129,'2019-04-25 14:12:05.053'),
-- ('Checked exceptions should not be thrown','squid:S1162',210,'2019-04-25 14:12:05.053'),
-- ('Credentials should not be hard-coded','squid:S2068',211,'2019-04-25 14:12:05.053'),
-- ('"HttpServletRequest.getRequestedSessionId()" should not be used','squid:S2254',140,'2019-04-25 14:12:05.053'),
-- ('Non-public methods should not be "@Transactional"','squid:S2230',148,'2019-04-25 14:12:05.053'),
-- ('Loop conditions should be true at least once','squid:S2252',10,'2019-04-25 14:12:05.053'),
-- ('"Iterator.hasNext()" should not call "Iterator.next()"','squid:S1849',23,'2019-04-25 14:12:05.053'),
-- ('"compareTo" results should not be checked for specific values','squid:S2200',113,'2019-04-25 14:12:05.054'),
-- ('SHA-1 and Message-Digest hash algorithms should not be used in secure contexts','squid:S2070',163,'2019-04-25 14:12:05.054'),
-- ('"javax.crypto.NullCipher" should not be used for anything other than testing','squid:S2258',164,'2019-04-25 14:12:05.054'),
-- ('Unused labels should be removed','squid:S1065',50,'2019-04-25 14:12:05.054'),
-- ('Math operands should be cast before assignment','squid:S2184',89,'2019-04-25 14:12:05.054'),
-- ('Cryptographic RSA algorithms should always incorporate OAEP (Optimal Asymmetric Encryption Padding)','squid:S2277',167,'2019-04-25 14:12:05.054'),
-- ('Printf-style format strings should not lead to unexpected behavior at runtime','squid:S2275',21,'2019-04-25 14:12:05.054'),
-- ('"BigDecimal(double)" should not be used','squid:S2111',212,'2019-04-25 14:12:05.054'),
-- ('Classes and methods that rely on the default system encoding should not be used','squid:S1943',46,'2019-04-25 14:12:05.054'),
-- ('"runFinalizersOnExit" should not be called','squid:S2151',213,'2019-04-25 14:12:05.054'),
-- ('"Object.wait(...)" and "Condition.await(...)" should be called inside a "while" loop','squid:S2274',153,'2019-04-25 14:12:05.054'),
-- ('"wait(...)" should be used instead of "Thread.sleep(...)" when a lock is held','squid:S2276',153,'2019-04-25 14:12:05.054'),
-- ('"Cloneables" should implement "clone"','squid:S2157',105,'2019-04-25 14:12:05.054'),
-- ('"hashCode" and "toString" should not be called on array instances','squid:S2116',71,'2019-04-25 14:12:05.054'),
-- ('"Iterator.next()" methods should throw "NoSuchElementException"','squid:S2272',205,'2019-04-25 14:12:05.054'),
-- ('Neither DES (Data Encryption Standard) nor DESede (3DES) should be used','squid:S2278',169,'2019-04-25 14:12:05.054'),
-- ('".equals()" should not be used to test the values of "Atomic" classes','squid:S2204',104,'2019-04-25 14:12:05.054'),
-- ('"Double.longBitsToDouble" should not be used for "int"','squid:S2127',215,'2019-04-25 14:12:05.054'),
-- ('"wait", "notify" and "notifyAll" should only be called when a lock is obviously held on an object','squid:S2273',157,'2019-04-25 14:12:05.054'),
-- ('Constructors should only call non-overridable methods','squid:S1699',70,'2019-04-25 14:12:05.054'),
-- ('Reflection should not be used to check non-runtime annotations','squid:S2109',73,'2019-04-25 14:12:05.054'),
-- ('Modulus results should not be checked for direct equality','squid:S2197',65,'2019-04-25 14:12:05.054'),
-- ('Short-circuit logic should be used in boolean contexts','squid:S2178',39,'2019-04-25 14:12:05.054'),
-- ('LDAP queries should not be vulnerable to injection attacks','squid:S2078',168,'2019-04-25 14:12:05.054'),
-- ('OS commands should not be vulnerable to injection attacks','squid:S2076',168,'2019-04-25 14:12:05.054'),
-- ('Synchronization should not be based on Strings or boxed primitives','squid:S1860',158,'2019-04-25 14:12:05.054'),
-- ('Parsing should be used to convert "Strings" to primitives','squid:S2130',115,'2019-04-25 14:12:05.054'),
-- ('"Serializable" classes should have a "serialVersionUID"','squid:S2057',216,'2019-04-25 14:12:05.054'),
-- ('Classes named like "Exception" should extend "Exception" or a subclass','squid:S2166',1,'2019-04-25 14:12:05.054'),
-- ('Boxing and unboxing should not be immediately reversed','squid:S2153',108,'2019-04-25 14:12:05.054'),
-- ('Class names should not shadow interfaces or superclasses','squid:S2176',81,'2019-04-25 14:12:05.054'),
-- ('Unused type parameters should be removed','squid:S2326',50,'2019-04-25 14:12:05.054'),
-- ('Math should not be performed on floats','squid:S2164',89,'2019-04-25 14:12:05.054'),
-- ('Ints and longs should not be shifted by zero or more than their number of bits-1','squid:S2183',217,'2019-04-25 14:12:05.054'),
-- ('Using non-standard cryptographic algorithms is security-sensitive','squid:S2257',161,'2019-04-25 14:12:05.054'),
-- ('Mutable fields should not be "public static"','squid:S2386',79,'2019-04-25 14:12:05.054'),
-- ('Track uses of "@SuppressWarnings" annotations','squid:S1309',77,'2019-04-25 14:12:05.054'),
-- ('The non-serializable super class of a "Serializable" class should have a no-argument constructor','squid:S2055',216,'2019-04-25 14:12:05.054'),
-- ('Fields in non-serializable classes should not be "transient"','squid:S2065',191,'2019-04-25 14:12:05.054'),
-- ('"Serializable" inner classes of "Serializable" classes should be static','squid:S2059',216,'2019-04-25 14:12:05.055'),
-- ('Comparators should be "Serializable"','squid:S2063',216,'2019-04-25 14:12:05.055'),
-- ('Custom serialization method signatures should meet requirements','squid:S2061',216,'2019-04-25 14:12:05.055'),
-- ('"Serializable" inner classes of non-serializable classes should be "static"','squid:S2066',216,'2019-04-25 14:12:05.055'),
-- ('"final" classes should not have "protected" members','squid:S2156',5,'2019-04-25 14:12:05.055'),
-- ('Redundant modifiers should not be used','squid:S2333',5,'2019-04-25 14:12:05.055'),
-- ('Non-serializable classes should not be written','squid:S2118',183,'2019-04-25 14:12:05.055'),
-- ('Objects should not be created only to "getClass"','squid:S2133',90,'2019-04-25 14:12:05.055'),
-- ('Primitives should not be boxed just for "String" conversion','squid:S2131',108,'2019-04-25 14:12:05.055'),
-- ('Values should not be uselessly incremented','squid:S2123',218,'2019-04-25 14:12:05.055'),
-- ('"ScheduledThreadPoolExecutor" should not have 0 core threads','squid:S2122',219,'2019-04-25 14:12:05.055'),
-- ('Classes extending java.lang.Thread should override the "run" method','squid:S2134',151,'2019-04-25 14:12:05.055'),
-- ('Silly bit operations should not be performed','squid:S2437',220,'2019-04-25 14:12:05.055'),
-- ('Classes should not be compared by name','squid:S1872',103,'2019-04-25 14:12:05.055'),
-- ('"Threads" should not be used where "Runnables" are expected','squid:S2438',152,'2019-04-25 14:12:05.055'),
-- ('Dissimilar primitive wrappers should not be used with the ternary operator without explicit casting','squid:S2154',92,'2019-04-25 14:12:05.055'),
-- ('Null should not be returned from a "Boolean" method','squid:S2447',65,'2019-04-25 14:12:05.055'),
-- ('Non-serializable objects should not be stored in "HttpSession" objects','squid:S2441',140,'2019-04-25 14:12:05.055'),
-- ('"finalize" should not set fields to "null"','squid:S2165',114,'2019-04-25 14:12:05.055'),
-- ('"notifyAll" should be used','squid:S2446',157,'2019-04-25 14:12:05.055'),
-- ('Blocks should be synchronized on "private final" fields','squid:S2445',158,'2019-04-25 14:12:05.055'),
-- ('"Lock" objects should not be "synchronized"','squid:S2442',158,'2019-04-25 14:12:05.055'),
-- ('"equals" methods should be symmetric and work for subclasses','squid:S2162',104,'2019-04-25 14:12:05.055'),
-- ('Subclasses that add fields should override "equals"','squid:S2160',104,'2019-04-25 14:12:05.055'),
-- ('"compareTo" should not return "Integer.MIN_VALUE"','squid:S2167',103,'2019-04-25 14:12:05.055'),
-- ('Inner class calls to super class methods should be unambiguous','squid:S2388',112,'2019-04-25 14:12:05.055'),
-- ('Classes with only "static" methods should not be instantiated','squid:S2440',1,'2019-04-25 14:12:05.055'),
-- ('Lazy initialization of "static" fields should be "synchronized"','squid:S2444',1,'2019-04-25 14:12:05.055'),
-- ('Invalid "Date" values should not be used','squid:S2110',88,'2019-04-25 14:12:05.055'),
-- ('Inappropriate "Collection" calls should not be made','squid:S2175',208,'2019-04-25 14:12:05.055'),
-- ('Public methods should not contain selector arguments','squid:S2301',53,'2019-04-25 14:12:05.055'),
-- ('Null pointers should not be dereferenced','squid:S2259',205,'2019-04-25 14:12:05.055'),
-- ('The value returned from a stream read should be checked','squid:S2674',198,'2019-04-25 14:12:05.055'),
-- ('Instance methods should not write to "static" fields','squid:S2696',79,'2019-04-25 14:12:05.055'),
-- ('"DateUtils.truncate" from Apache Commons Lang library should not be used','squid:S2718',88,'2019-04-25 14:12:05.055'),
-- ('Extensions and implementations should not be redundant','squid:S1939',78,'2019-04-25 14:12:05.055'),
-- ('"URL.hashCode" and "URL.equals" should be avoided','squid:S2112',117,'2019-04-25 14:12:05.055'),
-- ('"PreparedStatement" and "ResultSet" methods should be called with valid indices','squid:S2695',221,'2019-04-25 14:12:05.055'),
-- ('Locks should be released','squid:S2222',154,'2019-04-25 14:12:05.055'),
-- ('Resources should be closed','squid:S2095',249,'2019-04-25 14:12:05.056'),
-- ('Silly math should not be performed','squid:S2185',89,'2019-04-25 14:12:05.056'),
-- ('"readObject" should not be "synchronized"','squid:S2675',183,'2019-04-25 14:12:05.056'),
-- ('Nested "enum"s should not be declared static','squid:S2786',79,'2019-04-25 14:12:05.056'),
-- ('TestCases should contain tests','squid:S2187',56,'2019-04-25 14:12:05.056'),
-- ('JUnit assertions should not be used in "run" methods','squid:S2186',202,'2019-04-25 14:12:05.056'),
-- ('"read" and "readLine" return values should be used','squid:S2677',188,'2019-04-25 14:12:05.056'),
-- ('Neither "Math.abs" nor negation should be used on numbers that could be "MIN_VALUE"','squid:S2676',89,'2019-04-25 14:12:05.056'),
-- ('Child class fields should not shadow parent class fields','squid:S2387',56,'2019-04-25 14:12:05.056'),
-- ('JUnit test cases should call super methods','squid:S2188',202,'2019-04-25 14:12:05.056'),
-- ('Silly equality checks should not be made','squid:S2159',104,'2019-04-25 14:12:05.056'),
-- ('Tests should not be ignored','squid:S1607',201,'2019-04-25 14:12:05.056'),
-- ('Non-thread-safe fields should not be static','squid:S2885',79,'2019-04-25 14:12:05.056'),
-- ('Literal boolean values should not be used in assertions','squid:S2701',201,'2019-04-25 14:12:05.056'),
-- ('"equals(Object obj)" should test argument type','squid:S2097',104,'2019-04-25 14:12:05.056'),
-- ('"toString()" should never be called on a String object','squid:S1858',214,'2019-04-25 14:12:05.056'),
-- ('JUnit assertions should include messages','squid:S2698',202,'2019-04-25 14:12:05.056'),
-- ('"entrySet()" should be iterated when both the key and value are needed','squid:S2864',28,'2019-04-25 14:12:05.056'),
-- ('Threads should not be started in constructors','squid:S2693',151,'2019-04-25 14:12:05.056'),
-- ('"indexOf" checks should not be for positive numbers','squid:S2692',20,'2019-04-25 14:12:05.056'),
-- ('Limited dependence should be placed on operator precedence','squid:S864',8,'2019-04-25 14:12:05.056'),
-- ('Conditionally executed blocks should be reachable','squid:S2583',50,'2019-04-25 14:12:05.056'),
-- ('Mutable members should not be stored or returned directly','squid:S2384',88,'2019-04-25 14:12:05.056'),
-- ('"File.createTempFile" should not be used to create a directory','squid:S2976',203,'2019-04-25 14:12:05.056'),
-- ('Multiline blocks should be enclosed in curly braces','squid:S2681',50,'2019-04-25 14:12:05.056'),
-- ('Assertions should be complete','squid:S2970',74,'2019-04-25 14:12:05.056'),
-- ('"private" methods that don''t access instance data should be "static"','squid:S2325',79,'2019-04-25 14:12:05.056'),
-- ('Tests should include assertions','squid:S2699',74,'2019-04-25 14:12:05.056'),
-- ('Maps with keys that are enum values should be replaced with EnumMap','squid:S1640',33,'2019-04-25 14:12:05.056'),
-- ('"indexOf" checks should use a start position','squid:S2912',20,'2019-04-25 14:12:05.056'),
-- ('Boolean checks should not be inverted','squid:S1940',222,'2019-04-25 14:12:05.056'),
-- ('JUnit framework methods should be declared properly','squid:S2391',202,'2019-04-25 14:12:05.056'),
-- ('A "while" loop should be used instead of a "for" loop','squid:S1264',10,'2019-04-25 14:12:05.056'),
-- ('"static" members should be accessed statically','squid:S2209',79,'2019-04-25 14:12:05.056'),
-- ('Wildcard imports should not be used','squid:S2208',80,'2019-04-25 14:12:05.056'),
-- ('Static non-final field names should comply with a naming convention','squid:S3008',57,'2019-04-25 14:12:05.056'),
-- ('Multiple variables should not be declared on the same line','squid:S1659',53,'2019-04-25 14:12:05.057'),
-- ('Inner classes which do not reference their owning classes should be "static"','squid:S2694',112,'2019-04-25 14:12:05.057'),
-- ('Classes without "public" constructors should be "final"','squid:S2974',83,'2019-04-25 14:12:05.057'),
-- ('JUnit rules should be used','squid:S2924',202,'2019-04-25 14:12:05.057'),
-- ('Exceptions should not be thrown from servlet methods','squid:S1989',141,'2019-04-25 14:12:05.057'),
-- ('"Thread.sleep" should not be used in tests','squid:S2925',201,'2019-04-25 14:12:05.057'),
-- ('Classes should not be loaded dynamically','squid:S2658',87,'2019-04-25 14:12:05.057'),
-- ('Multiple loops over the same set should be combined','squid:S3047',10,'2019-04-25 14:12:05.057'),
-- ('Methods and field names should not be the same or differ only by capitalization','squid:S1845',56,'2019-04-25 14:12:05.057'),
-- ('Web applications should not have a "main" method','squid:S2653',146,'2019-04-25 14:12:05.057'),
-- ('Inner classes should not have too many lines of code','squid:S2972',60,'2019-04-25 14:12:05.057'),
-- ('Classes should not have too many methods','squid:S1448',60,'2019-04-25 14:12:05.057'),
-- ('Fields should not be initialized to default values','squid:S3052',13,'2019-04-25 14:12:05.057'),
-- ('Classes and enums with private members should have a constructor','squid:S1258',83,'2019-04-25 14:12:05.057'),
-- ('"Exception" should not be caught when not required by called methods','squid:S2221',67,'2019-04-25 14:12:05.057'),
-- ('Dead stores should be removed','squid:S1854',248,'2019-04-25 14:12:05.057'),
-- ('Annotation arguments should appear in the order in which they were declared','squid:S3340',60,'2019-04-25 14:12:05.057'),
-- ('Escaped Unicode characters should not be used','squid:S2973',250,'2019-04-25 14:12:05.057'),
-- ('Files should contain only one top-level class or interface each','squid:S1996',53,'2019-04-25 14:12:05.057'),
-- ('Variables should not be declared before they are relevant','squid:S1941',60,'2019-04-25 14:12:05.057'),
-- ('"clone" should not be overridden','squid:S2975',105,'2019-04-25 14:12:05.057'),
-- ('Literal suffixes should be upper case','squid:S818',11,'2019-04-25 14:12:05.057'),
-- ('The diamond operator ("<>") should be used','squid:S2293',102,'2019-04-25 14:12:05.057'),
-- ('pom elements should be in the recommended order','squid:S3423',44,'2019-04-25 14:12:05.057'),
-- ('Dependencies should not have "system" scope','squid:S3422',44,'2019-04-25 14:12:05.057'),
-- ('Artifact ids should follow a naming convention','squid:S3420',57,'2019-04-25 14:12:05.057'),
-- ('Group ids should follow a naming convention','squid:S3419',57,'2019-04-25 14:12:05.057'),
-- ('Catches should be combined','squid:S2147',60,'2019-04-25 14:12:05.057'),
-- ('Expressions used in "assert" should not produce side effects','squid:S3346',74,'2019-04-25 14:12:05.057'),
-- ('Try-with-resources should be used','squid:S2093',76,'2019-04-25 14:12:05.057'),
-- ('Methods should not return constants','squid:S3400',65,'2019-04-25 14:12:05.057'),
-- ('Method overrides should not change contracts','squid:S2638',70,'2019-04-25 14:12:05.057'),
-- ('Inappropriate regular expressions should not be used','squid:S2639',19,'2019-04-25 14:12:05.057'),
-- ('"catch" clauses should do more than rethrow','squid:S2737',67,'2019-04-25 14:12:05.057'),
-- ('Default EJB interceptors should be declared in "ejb-jar.xml"','squid:S3281',146,'2019-04-25 14:12:05.058'),
-- ('"private" methods called only by inner classes should be moved to those classes','squid:S3398',112,'2019-04-25 14:12:05.058'),
-- ('Security constraints should be defined','squid:S3369',135,'2019-04-25 14:12:05.058'),
-- ('Defined filters should be used','squid:S3355',136,'2019-04-25 14:12:05.058'),
-- ('"SingleConnectionFactory" instances should be set to "reconnectOnException"','squid:S3438',173,'2019-04-25 14:12:05.058'),
-- ('EJB interceptor exclusions should be declared as annotations','squid:S3282',146,'2019-04-25 14:12:05.058'),
-- ('Struts validation forms should have unique names','squid:S3374',195,'2019-04-25 14:12:05.058'),
-- ('"InterruptedException" should not be ignored','squid:S2142',223,'2019-04-25 14:12:05.058'),
-- ('"action" mappings should not have too many "forward" entries','squid:S3373',197,'2019-04-25 14:12:05.058'),
-- ('Deprecated "$pom" properties should not be used','squid:S3421',44,'2019-04-25 14:12:05.058'),
-- ('Functions should not be defined with a variable number of arguments','squid:S923',68,'2019-04-25 14:12:05.058'),
-- ('Raw byte values should not be used in bitwise operations in combination with shifts','squid:S3034',217,'2019-04-25 14:12:05.058'),
-- ('Constructors should not be used to instantiate "String", "BigInteger", "BigDecimal" and primitive-wrapper classes','squid:S2129',92,'2019-04-25 14:12:05.058'),
-- ('"enum" fields should not be publicly mutable','squid:S3066',31,'2019-04-25 14:12:05.058'),
-- ('Sets with elements that are enum values should be replaced with EnumSet','squid:S1641',32,'2019-04-25 14:12:05.058'),
-- ('Locale should be used in String operations','squid:S1449',96,'2019-04-25 14:12:05.058'),
-- ('String function use should be optimized for single characters','squid:S3027',20,'2019-04-25 14:12:05.058'),
-- ('Child class methods named for parent class methods should be overrides','squid:S2177',78,'2019-04-25 14:12:05.058'),
-- ('Abstract methods should not be redundant','squid:S3038',84,'2019-04-25 14:12:05.058'),
-- ('Constructor injection should be used instead of field injection','squid:S3306',224,'2019-04-25 14:12:05.058'),
-- ('"Externalizable" classes should have no-arguments constructors','squid:S2060',192,'2019-04-25 14:12:05.058'),
-- ('"@NonNull" values should not be set to null','squid:S2637',225,'2019-04-25 14:12:05.058'),
-- ('"readResolve" methods should be inheritable','squid:S2062',183,'2019-04-25 14:12:05.058'),
-- ('Loops should not be infinite','squid:S2189',10,'2019-04-25 14:12:05.058'),
-- ('Methods of "Random" that return floating point values should not be used in random integer generation','squid:S2140',98,'2019-04-25 14:12:05.058'),
-- ('Return values should not be ignored when they contain the operation status code','squid:S899',65,'2019-04-25 14:12:05.059'),
-- ('Getters and setters should be synchronized in pairs','squid:S2886',158,'2019-04-25 14:12:05.059'),
-- ('"toArray" should be passed an array of the proper type','squid:S3020',226,'2019-04-25 14:12:05.059'),
-- ('Classes that don''t define "hashCode()" should not be used in hashes','squid:S2141',71,'2019-04-25 14:12:05.059'),
-- ('"Arrays.stream" should be used for primitive arrays','squid:S3631',227,'2019-04-25 14:12:05.059'),
-- ('Test classes should comply with a naming convention','squid:S3577',57,'2019-04-25 14:12:05.059'),
-- ('Test methods should comply with a naming convention','squid:S3578',57,'2019-04-25 14:12:05.059'),
-- ('Double Brace Initialization should not be used','squid:S3599',228,'2019-04-25 14:12:05.059'),
-- ('Underscores should be used to make large numbers readable','squid:S2148',12,'2019-04-25 14:12:05.059'),
-- ('"Optional" should not be used for parameters','squid:S3553',95,'2019-04-25 14:12:05.059'),
-- ('"null" should not be used with "Optional"','squid:S2789',95,'2019-04-25 14:12:05.059'),
-- ('Zero should not be a possible denominator','squid:S3518',229,'2019-04-25 14:12:05.059'),
-- ('Private fields only used as local variables in methods should become local variables','squid:S1450',65,'2019-04-25 14:12:05.059'),
-- ('Unit tests should throw exceptions','squid:S3658',201,'2019-04-25 14:12:05.059'),
-- ('Optional value should only be accessed after calling isPresent()','squid:S3655',95,'2019-04-25 14:12:05.059'),
-- ('Simple class names should be used','squid:S1942',80,'2019-04-25 14:12:05.059'),
-- ('Value-based objects should not be serialized','squid:S3437',214,'2019-04-25 14:12:05.059'),
-- ('Java 8''s "Files.exists" should not be used','squid:S3725',203,'2019-04-25 14:12:05.059'),
-- ('Standard functional interfaces should not be redefined','squid:S1711',86,'2019-04-25 14:12:05.059'),
-- ('Unnecessary semicolons should be omitted','squid:S2959',50,'2019-04-25 14:12:05.059'),
-- ('"getClass" should not be used for synchronization','squid:S3067',158,'2019-04-25 14:12:05.059'),
-- ('Double-checked locking should not be used','squid:S2168',150,'2019-04-25 14:12:05.059'),
-- ('"writeObject" should not be the only "synchronized" code in a class','squid:S3042',158,'2019-04-25 14:12:05.059'),
-- ('"wait" should not be called when multiple locks are held','squid:S3046',153,'2019-04-25 14:12:05.059'),
-- ('Classes should not have too many "static" imports','squid:S3030',80,'2019-04-25 14:12:05.059'),
-- ('Classes should not have too many fields','squid:S1820',53,'2019-04-25 14:12:05.059'),
-- ('Cognitive Complexity of methods should not be too high','squid:S3776',230,'2019-04-25 14:12:05.059'),
-- ('"Preconditions" and logging arguments should not require evaluation','squid:S2629',91,'2019-04-25 14:12:05.06'),
-- ('Static fields should not be updated in constructors','squid:S3010',83,'2019-04-25 14:12:05.06'),
-- ('URIs should not be hardcoded','squid:S1075',117,'2019-04-25 14:12:05.06'),
-- ('The names of methods with boolean return values should start with "is" or "has"','squid:S2047',65,'2019-04-25 14:12:05.06'),
-- ('Members of Spring components should be injected','squid:S3749',173,'2019-04-25 14:12:05.06'),
-- ('Spring "@Controller" classes should not use "@Scope"','squid:S3750',173,'2019-04-25 14:12:05.06'),
-- ('Classes should not access their own subclasses during initialization','squid:S2390',78,'2019-04-25 14:12:05.06'),
-- ('Ternary operators should not be nested','squid:S3358',41,'2019-04-25 14:12:05.06'),
-- ('All branches in a conditional structure should not have exactly the same implementation','squid:S3923',7,'2019-04-25 14:12:05.06'),
-- ('"@RequestMapping" methods should be "public"','squid:S3751',234,'2019-04-25 14:12:05.06'),
-- ('Loops with at most one iteration should be refactored','squid:S1751',10,'2019-04-25 14:12:05.06'),
-- ('Printf-style format strings should be used correctly','squid:S3457',21,'2019-04-25 14:12:05.06'),
-- ('Boolean expressions should not be gratuitous','squid:S2589',9,'2019-04-25 14:12:05.06'),
-- ('Exception should not be created without being thrown','squid:S3984',75,'2019-04-25 14:12:05.06'),
-- ('Week Year ("YYYY") should not be used for date formatting','squid:S3986',231,'2019-04-25 14:12:05.06'),
-- ('Unused "private" classes should be removed','squid:S3985',50,'2019-04-25 14:12:05.06'),
-- ('Arrays should not be created for varargs parameters','squid:S3878',68,'2019-04-25 14:12:05.06'),
-- ('Methods returns should not be invariant','squid:S3516',65,'2019-04-25 14:12:05.06'),
-- ('"=+" should not be used instead of "+="','squid:S2757',8,'2019-04-25 14:12:05.06'),
-- ('Packages containing only "package-info.java" should be removed','squid:S4032',53,'2019-04-25 14:12:05.06'),
-- ('"Stream" call chains should be simplified when possible','squid:S4034',227,'2019-04-25 14:12:05.06'),
-- ('"java.nio.Files#delete" should be preferred','squid:S4042',203,'2019-04-25 14:12:05.06'),
-- ('Default annotation parameter values should not be passed as arguments','squid:S3254',73,'2019-04-25 14:12:05.06'),
-- ('Switches should be used for sequences of simple "String" tests','squid:S2196',7,'2019-04-25 14:12:05.06'),
-- ('"ThreadLocal.withInitial" should be preferred','squid:S4065',151,'2019-04-25 14:12:05.06'),
-- ('Conditionals should start on new lines','squid:S3972',50,'2019-04-25 14:12:05.06'),
-- ('Number patterns should be regular','squid:S3937',12,'2019-04-25 14:12:05.06'),
-- ('Consumed Stream pipelines should not be reused','squid:S3959',227,'2019-04-25 14:12:05.06'),
-- ('Intermediate Stream methods should not be left unused','squid:S3958',227,'2019-04-25 14:12:05.06'),
-- ('"java.time" classes should be used for dates and times','squid:S2143',109,'2019-04-25 14:12:05.06'),
-- ('Types should be used in lambdas','squid:S2211',111,'2019-04-25 14:12:05.06'),
-- ('"collect" should be used with "Streams" instead of "list::add"','squid:S2203',227,'2019-04-25 14:12:05.06'),
-- ('Value-based classes should not be used for locking','squid:S3436',158,'2019-04-25 14:12:05.06'),
-- ('Duplicate values should not be passed as arguments','squid:S4142',65,'2019-04-25 14:12:05.06'),
-- ('Map values should not be replaced unconditionally','squid:S4143',28,'2019-04-25 14:12:05.06'),
-- ('Methods should not have identical implementations','squid:S4144',50,'2019-04-25 14:12:05.06'),
-- ('Local constants should follow naming conventions for constants','squid:S4174',57,'2019-04-25 14:12:05.06'),
-- ('Assignments should not be redundant','squid:S4165',50,'2019-04-25 14:12:05.06'),
-- ('"close()" calls should not be redundant','squid:S4087',76,'2019-04-25 14:12:05.06'),
-- ('Collection sizes and array length comparisons should make sense','squid:S3981',36,'2019-04-25 14:12:05.06'),
-- ('"Map.get" and value test should be replaced with single method call','squid:S3824',28,'2019-04-25 14:12:05.06'),
-- ('Method parameters should be declared with base types','squid:S3242',65,'2019-04-25 14:12:05.06'),
-- ('Assertion arguments should be passed in the correct order','squid:S3415',74,'2019-04-25 14:12:05.06'),
-- ('Spring components should use constructor injection','squid:S4288',173,'2019-04-25 14:12:05.06'),
-- ('"iterator" should not return "this"','squid:S4348',23,'2019-04-25 14:12:05.06'),
-- ('"write(byte[],int,int)" should be overridden','squid:S4349',189,'2019-04-25 14:12:05.061'),
-- ('"SecureRandom" seeds should not be predictable','squid:S4347',110,'2019-04-25 14:12:05.061'),
-- ('Getters and setters should access the expected fields','squid:S4275',232,'2019-04-25 14:12:05.061'),
-- ('"Stream.collect()" calls should not be redundant','squid:S4266',227,'2019-04-25 14:12:05.061'),
-- ('"compareTo" should not be overloaded','squid:S4351',106,'2019-04-25 14:12:05.061'),
-- ('"if ... else if" constructs should end with "else" clauses','squid:S126',9,'2019-04-25 14:12:05.061'),
-- ('"switch" statements should not be nested','squid:S1821',7,'2019-04-25 14:12:05.061'),
-- ('Unary prefix operators should not be repeated','squid:S2761',233,'2019-04-25 14:12:05.061'),
-- ('"equals" method parameters should not be marked "@Nonnull"','squid:S4454',104,'2019-04-25 14:12:05.061'),
-- ('"this" should not be exposed from constructors','squid:S3366',155,'2019-04-25 14:12:05.061'),
-- ('Nullness of parameters should be guaranteed','squid:S4449',255,'2019-04-25 14:12:05.061'),
-- ('Asserts should not be used to check the parameters of a public method','squid:S4274',74,'2019-04-25 14:12:05.061'),
-- ('Functional Interfaces should be as specialised as possible','squid:S4276',86,'2019-04-25 14:12:05.061'),
-- ('Regex patterns should not be created needlessly','squid:S4248',19,'2019-04-25 14:12:05.061'),
-- ('Jump statements should not be redundant','squid:S3626',25,'2019-04-25 14:12:05.061'),
-- ('"HostnameVerifier.verify" should not always return true','squid:S3510',117,'2019-04-25 14:12:05.061'),
-- ('Weak SSL protocols should not be used','squid:S4423',143,'2019-04-25 14:12:05.061'),
-- ('Null checks should not be used with "instanceof"','squid:S4201',103,'2019-04-25 14:12:05.061'),
-- ('Parameters should be passed in the correct order','squid:S2234',53,'2019-04-25 14:12:05.061'),
-- ('"default" clauses should be last','squid:S4524',53,'2019-04-25 14:12:05.061'),
-- ('SMTP SSL connection should check server identity','squid:S4499',143,'2019-04-25 14:12:05.061'),
-- ('A conditionally executed single line should be denoted by indentation','squid:S3973',60,'2019-04-25 14:12:05.061'),
-- ('Untrusted XML should be parsed with a local, static DTD','squid:S2755',124,'2019-04-25 14:12:05.061'),
-- ('AES encryption algorithm should be used with secured mode','squid:S4432',170,'2019-04-25 14:12:05.061'),
-- ('LDAP connections should be authenticated','squid:S4433',127,'2019-04-25 14:12:05.061'),
-- ('Using cookies is security-sensitive','squid:S2255',139,'2019-04-25 14:12:05.061'),
-- ('LDAP deserialization should be disabled','squid:S4434',127,'2019-04-25 14:12:05.061'),
-- ('XML transformers should be secured','squid:S4435',124,'2019-04-25 14:12:05.061'),
-- ('"HttpOnly" should be set on cookies','squid:S3330',139,'2019-04-25 14:12:05.061'),
-- ('"Integer.toHexString" should not be used to build hexadecimal strings','squid:S4425',247,'2019-04-25 14:12:05.061'),
-- ('Cryptographic keys should not be too short','squid:S4426',161,'2019-04-25 14:12:05.061'),
-- ('TrustManagers should not blindly accept any certificates','squid:S4424',165,'2019-04-25 14:12:05.061'),
-- ('Cypher Block Chaining IV''s should be random and unique','squid:S3329',160,'2019-04-25 14:12:05.061'),
-- ('XPath expressions should not be vulnerable to injection attacks','squid:S2091',168,'2019-04-25 14:12:05.061'),
-- ('I/O function calls should not be vulnerable to path injection attacks','squid:S2083',168,'2019-04-25 14:12:05.061'),
-- ('SQL queries should not be vulnerable to injection attacks','squid:S3649',209,'2019-04-25 14:12:05.061'),
-- ('Regular expressions should not be vulnerable to Denial of Service attacks','squid:S2631',246,'2019-04-25 14:12:05.061'),
-- ('Composed "@RequestMapping" variants should be preferred','squid:S4488',234,'2019-04-25 14:12:05.061'),
-- ('Spring beans should be considered by "@ComponentScan"','squid:S4605',178,'2019-04-25 14:12:05.061'),
-- ('"@Import"s should be preferred to "@ComponentScan"s','squid:S4603',178,'2019-04-25 14:12:05.062'),
-- ('"@EnableAutoConfiguration" should be fine-tuned','squid:S4604',177,'2019-04-25 14:12:05.062'),
-- ('"@Controller" classes that use "@SessionAttributes" must call "setComplete" on their "SessionStatus" objects','squid:S3753',173,'2019-04-25 14:12:05.062'),
-- ('"HttpSecurity" URL patterns should be correctly ordered','squid:S4601',175,'2019-04-25 14:12:05.062'),
-- ('"@RequestMapping" methods should specify HTTP method','squid:S3752',234,'2019-04-25 14:12:05.062'),
-- ('"@SpringBootApplication" and "@ComponentScan" should not be used in the default package','squid:S4602',178,'2019-04-25 14:12:05.062'),
-- ('Enum values should be compared with "=="','squid:S4551',31,'2019-04-25 14:12:05.062'),
-- ('Persistent entities should not be used as arguments of "@RequestMapping" methods','squid:S4684',174,'2019-04-25 14:12:05.062'),
-- ('Factory method injection should be used in "@Configuration" classes','squid:S3305',235,'2019-04-25 14:12:05.062'),
-- ('String offset-based methods should be preferred for finding substrings from offsets','squid:S4635',236,'2019-04-25 14:12:05.062'),
-- ('Delivering code in production with debug features activated is security-sensitive','squid:S4507',175,'2019-04-25 14:12:05.062'),
-- ('Disabling Spring Security''s CSRF protection is security-sensitive','squid:S4502',175,'2019-04-25 14:12:05.062'),
-- ('Methods should not call same-class methods with incompatible "@Transactional" values','squid:S2229',173,'2019-04-25 14:12:05.062'),
-- ('"DefaultMessageListenerContainer" instances should not drop messages during restarts','squid:S3439',237,'2019-04-25 14:12:05.062'),
-- ('Using unsafe Jackson deserialization configuration is security-sensitive','squid:S4544',125,'2019-04-25 14:12:05.062'),
-- ('Deserializing XML from an untrusted source is security-sensitive','squid:S4510',238,'2019-04-25 14:12:05.062'),
-- ('Deserializing objects from an untrusted source is security-sensitive','squid:S4508',239,'2019-04-25 14:12:05.062'),
-- ('Exposing HTTP endpoints is security-sensitive','squid:S4529',234,'2019-04-25 14:12:05.062'),
-- ('Changing or bypassing accessibility is security-sensitive','squid:S3011',107,'2019-04-25 14:12:05.062'),
-- ('Executing OS commands is security-sensitive','squid:S4721',213,'2019-04-25 14:12:05.062'),
-- ('Setting JavaBean properties is security-sensitive','squid:S4512',128,'2019-04-25 14:12:05.062'),
-- ('"Random" objects should be reused','squid:S2119',98,'2019-04-25 14:12:05.062'),
-- ('Using setters in Struts 2 ActionSupport is security-sensitive','squid:S4531',197,'2019-04-25 14:12:05.062'),
-- ('Using Struts 1 ActionForm is security-sensitive','squid:S4530',194,'2019-04-25 14:12:05.062'),
-- ('Databases should be password-protected','squid:S2115',240,'2019-04-25 14:12:05.062'),
-- ('Min and max used in combination should not always return the same value','squid:S3065',89,'2019-04-25 14:12:05.062'),
-- ('"volatile" variables should not be used with compound operators','squid:S3078',150,'2019-04-25 14:12:05.062'),
-- ('Non-primitive fields should not be "volatile"','squid:S3077',150,'2019-04-25 14:12:05.062'),
-- ('"ThreadGroup" should not be used','squid:S3014',241,'2019-04-25 14:12:05.062'),
-- ('JEE applications should not "getClassLoader"','squid:S3032',151,'2019-04-25 14:12:05.062'),
-- ('Controlling permissions is security-sensitive','squid:S4834',175,'2019-04-25 14:12:05.062'),
-- ('"StandardCharsets" constants should be preferred','squid:S4719',14,'2019-04-25 14:12:05.062'),
-- ('An iteration on a Collection should be performed on the type handled by the Collection','squid:S4838',23,'2019-04-25 14:12:05.062'),
-- ('"Stream.peek" should be used with caution','squid:S3864',227,'2019-04-25 14:12:05.062'),
-- ('Sending HTTP requests is security-sensitive','squid:S4825',234,'2019-04-25 14:12:05.062'),
-- ('Using command line arguments is security-sensitive','squid:S4823',242,'2019-04-25 14:12:05.062'),
-- ('Reading the Standard Input is security-sensitive','squid:S4829',185,'2019-04-25 14:12:05.062'),
-- ('Java 8 features should be preferred to Guava','squid:S4738',243,'2019-04-25 14:12:05.062'),
-- ('Dynamically executing code is security-sensitive','squid:S1523',244,'2019-04-25 14:12:05.062'),
-- ('Hibernate should not update database schemas','squid:S3822',133,'2019-04-25 14:12:05.062'),
-- ('Using Sockets is security-sensitive','squid:S4818',131,'2019-04-25 14:12:05.062'),
-- ('Executing XPath expressions is security-sensitive','squid:S4817',184,'2019-04-25 14:12:05.062'),
-- ('"Class.forName()" should not load JDBC 4.0+ drivers','squid:S4925',122,'2019-04-25 14:12:05.062'),
-- ('"read(byte[],int,int)" should be overridden','squid:S4929',188,'2019-04-25 14:12:05.062'),
-- ('"serialVersionUID" should not be declared blindly','squid:S4926',216,'2019-04-25 14:12:05.062'),
-- ('Configuring loggers is security-sensitive','squid:S4792',91,'2019-04-25 14:12:05.063'),
-- ('Hashing data is security-sensitive','squid:S4790',163,'2019-04-25 14:12:05.063'),
-- ('Exceptions should be either logged or rethrown but not both','squid:S2139',205,'2019-04-25 14:12:05.063'),
-- ('Handling files is security-sensitive','squid:S4797',203,'2019-04-25 14:12:05.063'),
-- ('Using regular expressions is security-sensitive','squid:S4784',19,'2019-04-25 14:12:05.063'),
-- ('Encrypting data is security-sensitive','squid:S4787',166,'2019-04-25 14:12:05.063'),
-- ('"@CheckForNull" or "@Nullable" should not be used on primitive types','squid:S4682',2,'2019-04-25 14:12:05.063'),
-- ('InputSteam.read() implementation should not return a signed byte','squid:S4517',188,'2019-04-25 14:12:05.063'),
-- ('Files opened in append mode should not be used with ObjectOutputStream','squid:S2689',189,'2019-04-25 14:12:05.063'),
-- ('Expanding archive files is security-sensitive','squid:S5042',186,'2019-04-25 14:12:05.063'),
-- ('Strings and Boxed types should be compared using "equals()"','squid:S4973',104,'2019-04-25 14:12:05.063'),
-- ('Overrides should match their parent class methods in synchronization','squid:S3551',158,'2019-04-25 14:12:05.063'),
-- ('Enabling Cross-Origin Resource Sharing is security-sensitive','squid:S5122',142,'2019-04-25 14:12:05.063'),
-- ('Basic authentication should not be used','squid:S2647',162,'2019-04-25 14:12:05.063'),
-- ('Cookie domains should be as narrow as possible','squid:S3331',139,'2019-04-25 14:12:05.063'),
-- ('Server-side requests should not be vulnerable to forging attacks','squid:S5144',171,'2019-04-25 14:12:05.063'),
-- ('Logging should not be vulnerable to injection attacks','squid:S5145',168,'2019-04-25 14:12:05.063'),
-- ('HTTP request redirections should not be open to forging attacks','squid:S5146',171,'2019-04-25 14:12:05.063'),
-- ('Endpoints should not be vulnerable to reflected cross-site scripting (XSS) attacks','squid:S5131',245,'2019-04-25 14:12:05.063'),
-- ('HTTP response headers should not be vulnerable to injection attacks','squid:S5167',1,'2019-04-25 14:12:05.063'),
-- ('"Bean Validation" (JSR 380) should be properly configured','squid:S5128',168,'2019-04-25 14:12:05.063'),
-- ('Use Java 12 "switch" expression','squid:S5194',7,'2019-04-25 14:12:05.063');
